품번,매칭구분
JKJJM27152,B열(현재품번)
JKJJM27172,B열(현재품번)
JKTBM27166,B열(현재품번)
JKTBM27168,B열(현재품번)
JKTBS27118,B열(현재품번)
JKTCM27182,B열(현재품번)
JKTCM27908,B열(현재품번)
JKVAM27102,B열(현재품번)
JWJJM27151,B열(현재품번)
JWJJM27171,B열(현재품번)
JWPNM27171,B열(현재품번)
JWTBM27165,B열(현재품번)
JWVAM27101,B열(현재품번)
TLJJM27511,B열(현재품번)
TLPNM27501,B열(현재품번)
TLPNM27511,B열(현재품번)
TLPNM27691,B열(현재품번)
TLPNM27911,B열(현재품번)
TLPNS27901,B열(현재품번)
TLPOM27501,B열(현재품번)
TLPOM27697,B열(현재품번)
TLPOM27699,B열(현재품번)
TLSCM27501,B열(현재품번)
TLSCM27511,B열(현재품번)
TLSCM27693,B열(현재품번)
TLSCM27921,B열(현재품번)
TLSXM27901,B열(현재품번)
TLTCM27503,B열(현재품번)
TLTCM27505,B열(현재품번)
TLTCM27509,B열(현재품번)
TLTCM27523,B열(현재품번)
TLTCM27691,B열(현재품번)
TVJJM27522,B열(현재품번)
TVJJM27532,B열(현재품번)
TVPNM27542,B열(현재품번)
TVPNM27694,B열(현재품번)
TVPOM27502,B열(현재품번)
TVPOM27692,B열(현재품번)
TVPOM27696,B열(현재품번)
TVPOM27698,B열(현재품번)
TVSCM27692,B열(현재품번)
TVTCM27504,B열(현재품번)
TVTCM27508,B열(현재품번)
TVTCM27538,B열(현재품번)
TVTCM27542,B열(현재품번)
TVTCM27562,B열(현재품번)
TVTCM27694,B열(현재품번)
TVTCM27696,B열(현재품번)
TVTCM27698,B열(현재품번)
TVVAM27562,B열(현재품번)
