기획MD,StyleCode,품명,시즌코드,컬러수,생산형태,생산처,원산국,전산입고계획일,작지일매,예상출고일(주차)
신인철,8GJJS27101,WM 남성 아웃포켓 피싱 재킷,S,2,사입,와이아이씨,베트남,2027-01-05,O,
신인철,8GPFM27101,WM 남성 익스퍼트 레깅스,M,1,사입,주식회사 아이케이지,베트남,2027-01-05,O,
신인철,8GPNS27101,WM 남성 유틸리티 피싱 카고 팬츠,S,2,사입,와이아이씨,베트남,2027-01-05,O,
신인철,8GPOM27103,WM 남성 라이트 립스탑 숏츠,M,2,사입,티비오콜렉션,베트남,2027-01-05,O,
신인철,8HJJM27102,WM 여성 메쉬 크롭 재킷,M,2,사입,원전교역,베트남,2027-01-05,O,
신인철,8HJJS27102,WM 여성 아웃포켓 피싱 재킷,S,2,사입,와이아이씨,베트남,2027-01-05,X,
신인철,8HPNS27102,WM 여성 유틸리티 피싱 카고 팬츠,S,2,사입,와이아이씨,베트남,2027-01-05,X,
신인철,8HPOM27102,WM 여성 라이트 립스탑 숏츠,M,2,사입,티비오콜렉션,베트남,2027-01-05,X,
신인철,8HTCM27102,WM 여성 프린트 반팔티,M,3,사입,주연에프앤씨,국내,2027-01-05,O,
신인철,8NAAM27101,WM 남녀공용 쿨 멀티 스카프,M,1,사입,아이앤지,베트남,2027-01-05,X,
신인철,8NAAX27101,WM 남녀공용 X-PAC 피싱 타올,X,1,사입,인투잇플러스,베트남,2027-01-05,X,
신인철,8NBDX27101,WM 익스퍼트 X-PAC 슬링백,X,1,사입,인투잇플러스,베트남,2027-01-05,X,
신인철,8NBDX27103,WM 익스퍼트 X-PAC 크로스백,X,1,사입,인투잇플러스,베트남,2027-01-05,X,
신인철,8NHAM27102,WM 남녀공용 3지 라이트 익스퍼트 장갑,M,1,사입,시즈 글로벌,베트남,2027-01-05,X,
신인철,8NHAS27101,WM 남녀공용 3지 익스퍼트 장갑,S,1,사입,시즈 글로벌,베트남,2027-01-05,X,
신인철,8NHEM27101,WM 남녀공용 UV 피싱 암슬리브,M,2,사입,시즈 글로벌,베트남,2027-01-05,X,
신인철,8NLAS27101,WM 남녀공용 프린트 양말,S,3,사입,건우 통상,국내,2027-01-05,X,
신인철,8NREM27102,WM 남녀공용 유틸리티 메쉬 캡,M,3,사입,캐비야모자,국내,2027-01-05,X,
신인철,8NREM27105,WM 남녀공용 라이트 쉘 캡,M,2,사입,주식회사 피앤지아이엔씨,베트남,2027-01-15,X,
신인철,8NRES27104,WM 남녀공용 쉐이드 캠프 캡,S,2,사입,주식회사 피앤지아이엔씨,베트남,2027-01-05,X,
신인철,8NREX27101,WM 남녀공용 익스퍼트 고어 3L 캡,X,1,사입,캐비야모자,국내,2027-01-15,X,
신인철,8NREX27103,WM 남녀공용 익스퍼트 베이직 3L 캡,X,2,사입,캐비야모자,국내,2027-01-05,X,
신인철,8NRFS27101,WM 남녀공용 그리드 매쉬 햇,S,2,사입,주식회사 피앤지아이엔씨,베트남,2027-01-05,X,
신인철,8NRFS27102,WM 남녀공용 패커블 립스탑 햇,S,2,사입,주식회사 피앤지아이엔씨,베트남,2027-01-05,X,
신인철,8NRFS27103,WM 남녀공용 쉐이드 버킷 햇,S,3,사입,주식회사 피앤지아이엔씨,베트남,2027-01-05,X,
신인철,8UJGX27101,WM 남녀공용 익스퍼트 스톰 3L 고어 재킷,X,1,사입,기도산업,베트남,2027-01-15,O,
신인철,8UJJM27101,WM 남녀공용 다이아몬드 퓨즈 패커블 재킷,M,2,사입,아이블에프앤씨,베트남,2027-01-15,X,
신인철,8UJJS27102,WM 남녀공용 버그 메쉬 재킷,S,2,사입,원전교역,베트남,2027-01-05,O,
신인철,8UJJS27105,WM 남녀공용 익스퍼트 어프로치 재킷,S,2,사입,원전교역,베트남,2027-01-05,O,
신인철,8UJJX27101,WM 남녀공용 스톰 에센셜 3L 재킷,X,3,사입,기도산업,베트남,2027-01-05,O,
신인철,8UJJX27102,WM 남녀공용 프리마로프트 미드레이어 재킷,X,2,사입,원전교역,베트남,2027-01-15,O,
신인철,8UPNM27101,WM 남녀공용 우븐 벤틸레이션 팬츠,M,2,사입,와이아이씨,베트남,2027-01-05,O,
신인철,8UPNS27105,WM 남녀공용 익스퍼트 어프로치 팬츠,S,2,사입,원전교역,베트남,2027-01-05,O,
신인철,8UPNX27101,WM 남녀공용 익스퍼트 스톰 3L 고어 팬츠,X,1,사입,기도산업,베트남,2027-01-15,O,
신인철,8UPNX27102,WM 남녀공용 스톰 에센셜 3L 팬츠,X,2,사입,기도산업,베트남,2027-01-05,O,
신인철,8UPOM27101,WM 남녀공용 익스퍼트 라이트 숏츠,M,2,사입,와이아이씨,베트남,2027-01-05,O,
신인철,8UPOM27102,WM 남녀공용 메쉬 벤틸 숏츠,M,1,사입,티비오콜렉션,베트남,2027-01-05,X,
신인철,8UPOM27103,WM 남녀공용 피싱 카고 숏츠,M,2,사입,와이아이씨,베트남,2027-01-05,O,
신인철,8USCM27101,WM 남녀공용 에어도트 피싱 셔츠,M,2,사입,아이블에프앤씨,베트남,2027-01-05,O,
신인철,8UTBM27101,WM 남녀공용 메쉬 프린트 긴팔티,M,2,사입,주연에프앤씨,국내,2027-01-05,O,
신인철,8UTBM27111,WM 남녀공용 UV CUT 익스퍼트 후드티,M,3,사입,주연에프앤씨,국내,2027-01-05,O,
신인철,8UTBS27101,WM 남녀공용 익스퍼트 와플 후드티,S,3,사입,주연에프앤씨,베트남,2027-01-05,O,
신인철,8UTBS27102,WM 남녀공용 프린트 긴팔티,S,3,사입,주연에프앤씨,중국,2027-01-05,O,
신인철,8UTCM27101,WM 남녀공용 우븐 벤틸레이션 티셔츠,M,2,사입,주식회사 아이케이지,인도네시아,2027-01-05,O,
신인철,8UTCM27105,WM 공용 프린트 반팔티,M,3,사입,주연에프앤씨,중국,2027-01-05,O,
신인철,8UTCM27111,WM 남녀공용 익스퍼트 반팔티,M,1,사입,장안어패럴,베트남,2027-01-05,O,
신인철,8UTCM27113,WM 남녀공용 EGI 그래픽 티셔츠,M,3,사입,주연에프앤씨,중국,2027-01-05,X,
신인철,8UTCM27115,WM 남녀공용 AORI 그래픽 티셔츠,M,2,사입,주연에프앤씨,중국,2027-01-05,X,
최진민,JKJGS27002,히어로 여성 고어텍스 3L PRO 재킷,S,2,사입,포마트코퍼레이션,베트남,2026-12-11,O,
이재헌,JKJGS27102,여성 윈드체이서 고어텍스 후드 방수 재킷,S,3,CMT,포마트코퍼레이션,베트남,2026-12-11,X,2월1주
이재헌,JKJGS27104,여성 고어텍스 후드 디테쳐블 방수 재킷,S,3,CMT,기도산업,미얀마,2026-12-11,O,2월1주
박지인,JKJJM27124,하절 여성 자카드 풀집업 자켓,M,2,사입,주식회사 아이케이지,인도네시아,2026-12-11,O,
박지인,JKJJM27142,하절 여성 소프트쉘 재킷 (SET UP),M,2,사입,원전교역,베트남,2026-12-11,X,
박지인,JKJJM27152,하절 여성 경량 윈드케이 방풍 재킷,M,3,CMT,아이블에프앤씨,베트남,2026-12-11,O,
박지인,JKJJM27156,하절 여성 고강력사 방풍 재킷,M,2,사입,원전교역,베트남,2026-12-11,X,
박지인,JKJJM27162,하절 여성 윈드 후드 재킷,M,2,사입,아이블에프앤씨,베트남,2026-12-11,X,
박지인,JKJJM27172,하절 여성 경량 인후드 방풍 재킷,M,4,CMT,원전교역,베트남,2026-12-11,O,
박지인,JKJJM27182,하절 여성 제노아 스트레치 중기장 인후드 재킷,M,3,사입,원전교역,베트남,2027-01-21,X,
박지인,JKJJM27372,여성 에그라이트 방풍 재킷,M,3,CMT,포마트코퍼레이션,베트남,2027-02-19,O,
박지인,JKJJM27374,여성 에그라이트 방수 재킷,M,2,CMT,포마트코퍼레이션,베트남,2027-02-19,O,
박지인,JKJJM27376,여성 에그라이트 스탠드넥 방풍 재킷,M,2,CMT,포마트코퍼레이션,베트남,2027-02-19,O,
최진민,JKJJS27012,히어로 여성 프리마로프트 HEAVY 인슐레이션 재킷,S,2,사입,원전교역,인도네시아,2026-12-11,O,
최진민,JKJJS27016,히어로 여성 프리마로프트 LIGHT 인슐레이션 재킷,S,2,사입,원전교역,인도네시아,2026-12-11,O,
최진민,JKJJS27022,히어로 여성 스톰플리스 프로 LIGHT 소프트쉘 재킷,S,2,사입,원전교역,인도네시아,2026-12-11,O,
최진민,JKJJS27032,히어로 여성 옥타 플리스 재킷,S,2,사입,주식회사 태화에프앤티,베트남,2026-12-11,O,
박지인,JKJJS27132,춘절 여성 인슐레이션 재킷,S,2,사입,원전교역,베트남,2026-12-11,X,
박지인,JKJJS27136,춘절 여성 Wigo 방풍 재킷,S,1,사입,원전교역,베트남,2026-12-11,X,
이재헌,JKJWS27106,여성 고어윈드스토퍼 후드 디테쳐블 재킷,S,3,CMT,원전교역,인도네시아,2026-12-11,O,2월1주
박진아,JKPNM27138,하절 여성 위고 디테처블 팬츠,M,2,CMT,거림트렌드,베트남,2026-12-11,O,
박진아,JKPNM27158,DS 제안) 하절 여성 레귤러핏 팬츠,M,2,CMT,티비오콜렉션,베트남,2026-12-11,O,
박진아,JKPNM27162,하절 여성 슬림핏 스탠다드 팬츠,M,3,CMT,주식회사 디코드컴퍼니,베트남,2026-12-11,O,
박진아,JKPNM27172,하절 여성 루즈핏 파라슈트 팬츠,M,2,CMT,와이아이씨,베트남,2026-12-11,O,
박진아,JKPNM27182,하절 여성 에어도트 레귤러핏 팬츠,M,2,CMT,와이아이씨,베트남,2026-12-11,O,
박진아,JKPNM27184,하절 여성 에어도트 루즈핏 팬츠,M,1,CMT,와이아이씨,베트남,2026-12-11,O,
박진아,JKPNM27192,하절 여성 하이킹 벤틸레이션 커브드 팬츠,M,2,CMT,거림트렌드,베트남,2026-12-11,O,
최진민,JKPNS27062,히어로 여성 스톰플리스 프로 LIGHT 소프트쉘 팬츠,S,2,사입,거림트렌드,베트남,2026-12-11,O,
최진민,JKPNS27072,히어로 여성 클라이밍 팬츠,S,2,사입,거림트렌드,베트남,2026-12-11,O,
박진아,JKPNS27102,춘절 여성 슬림핏 스탠다드 팬츠 (X시즌 이동),S,3,CMT,주식회사 디코드컴퍼니,베트남,2026-12-11,O,
박진아,JKPNS27114,춘절 여성 레귤러핏 카고 팬츠,S,2,사입,티비오콜렉션,베트남,2026-12-11,O,
박진아,JKPOM27142,하절 여성 소프트쉘 쇼츠,M,2,사입,와이아이씨,베트남,2026-12-11,O,
박진아,JKPOM27172,하절 여성 7부 카고 팬츠,M,2,CMT,와이아이씨,베트남,2026-12-11,O,
박진아,JKPOM27174,하절 여성 8부 스탠다드 팬츠,M,2,CMT,주식회사 디코드컴퍼니,베트남,2026-12-11,O,
박진아,JKPOM27176,하절 여성 카고 쇼츠,M,2,CMT,티비오콜렉션,베트남,2026-12-11,O,
박지인,JKPOM27312,여성 5부 레깅스,M,1,사입,주식회사 태화에프앤티,베트남,2027-02-19,O,
박진아,JKSCM27142,하절 여성 스트링 반팔 셔츠,M,2,사입,성원F&K,베트남,2026-12-11,X,
박진아,JKSCM27184,하절 여성 에어도트 반팔 셔츠,M,2,CMT,성원F&K,베트남,2026-12-11,O,
박진아,JKSXM27182,하절 여성 에어도트 긴팔 셔츠,M,1,사입,성원F&K,베트남,2026-12-11,O,
박진아,JKTBM27122,하절 여성 MossDry 베이직 긴팔 집업 티셔츠,M,2,Buying,주식회사 에이스코리아(ACE KOREA),인도네시아,2027-01-11,X,
박진아,JKTBM27124,하절 여성 자카드 긴팔 티셔츠,M,2,사입,주식회사 아이케이지,인도네시아,2026-12-11,O,
,JKTBM27128,하절 여성 MossDry 베이직 긴팔 집업 티셔츠,M,2,Buying,TESSELLATION INTERNATIONAL LIM,베트남,2026-12-11,X,
박진아,JKTBM27166,하절 여성 MossDry 소매 하이브리드 긴팔 후드 티셔츠,M,2,사입,주식회사 태화에프앤티,베트남,2026-12-11,O,
박진아,JKTBM27168,하절 여성 패턴 긴팔 집업 티셔츠,M,3,사입,장안어패럴,베트남,2026-12-11,O,
박진아,JKTBM27182,하절 여성 에어도트 하이브리드 긴팔 후드 티셔츠,M,2,사입,장안어패럴,베트남,2026-12-11,O,
박진아,JKTBM27282,(2차 추가) 하절 여성 긴팔 라운드 티셔츠,M,2,사입,장안어패럴,베트남,2026-12-11,O,
박지인,JKTBM27302,여성 썬 후디 긴팔 티셔츠,M,2,사입,장안어패럴,베트남,2027-02-19,O,
박지인,JKTBM27312,여성 패커블 그래픽 긴팔 티셔츠,M,2,사입,주식회사 아이케이지,인도네시아,2027-02-19,O,
최진민,JKTBS27058,히어로 여성 니트도트 긴팔 라운드티,S,2,사입,주식회사 태화에프앤티,베트남,2026-12-11,O,
,JKTBS27102,춘절 여성 베이직 긴팔 집업 티셔츠,S,2,Buying,주식회사 태화에프앤티,베트남,2026-12-11,X,1월3주
,JKTBS27104,춘절 여성 베이직 긴팔 라운드 티셔츠,S,2,Buying,주식회사 태화에프앤티,베트남,2026-12-11,X,
박진아,JKTBS27108,춘절 여성 베이직 긴팔 집업 티셔츠 (X시즌 이동),S,2,Buying,주식회사 태화에프앤티,베트남,2027-01-04,X,
박진아,JKTBS27110,춘절 여성 베이직 긴팔 라운드 티셔츠 (X시즌 이동),S,2,Buying,주식회사 태화에프앤티,베트남,2027-01-04,X,
박진아,JKTBS27112,춘절 여성 하이브리드 긴팔 집업 티셔츠,S,2,사입,주식회사 아이케이지,인도네시아,2026-12-11,O,
박진아,JKTBS27114,춘절 여성 ClearDry 아웃포켓 긴팔 라운드 티셔츠,S,2,사입,주식회사 아이케이지,인도네시아,2026-12-11,O,
박진아,JKTBS27116,춘절 여성 후드 티셔츠,S,2,사입,주식회사 아이케이지,인도네시아,2026-12-11,O,
박진아,JKTBS27118,유통특화_춘절 여성 하이브리드 긴팔 후드 티셔츠,S,2,사입,장안어패럴,베트남,2026-12-11,O,
박진아,JKTBS27120,춘절 여성 자가드 긴팔 집업 티셔츠,S,2,사입,주식회사 아이케이지,인도네시아,2026-12-11,O,
박진아,JKTCM27148,여성 소로나쿨(NP) 레귤러핏 그래픽 티셔츠,M,2,사입,장안어패럴,베트남,2026-12-11,O,
,JKTCM27158,하절 여성 MossDry 베이직 반팔 집업 티셔츠,M,2,Buying,TESSELLATION INTERNATIONAL LIM,베트남,2026-12-11,X,
,JKTCM27160,하절 여성 MossDry 베이직 반팔 라운드 티셔츠,M,3,Buying,TESSELLATION INTERNATIONAL LIM,베트남,2026-12-11,X,
박진아,JKTCM27162,하절 여성 MossDry 베이직 반팔 집업 티셔츠,M,2,Buying,주식회사 에이스코리아(ACE KOREA),인도네시아,2027-02-05,X,
박진아,JKTCM27164,하절 여성 MossDry 베이직 반팔 라운드 티셔츠,M,3,Buying,주식회사 에이스코리아(ACE KOREA),베트남/인도네시아,2027-02-05,X,
박진아,JKTCM27166,하절 여성 MossDry 스트레치 반팔 후드 티셔츠,M,2,사입,주식회사 아이케이지,인도네시아,2026-12-11,O,
박진아,JKTCM27182,하절 여성 에어도트 반팔 집업 티셔츠,M,3,사입,장안어패럴,베트남,2026-12-11,O,
박진아,JKTCM27184,하절 여성 솔솔 에어도트 반팔 폴로 티셔츠,M,2,사입,장안어패럴,베트남,2026-12-11,O,
박진아,JKTCM27186,하절 여성 에어도트 반팔 후드 티셔츠,M,3,사입,주식회사 태화에프앤티,베트남,2026-12-11,O,
박지인,JKTCM27312,여성 슬리브리스,M,2,사입,장안어패럴,베트남,2027-02-19,O,
박진아,JKTCM27908,유통특화_하절 여성 5부 집업 티셔츠,M,2,사입,주식회사 아이케이지,인도네시아,2026-12-11,O,
최진민,JKTCS27056,히어로 여성 메리노울 반팔 라운드티,S,2,사입,장안어패럴,베트남,2026-12-11,O,
박지인,JKVAM27102,하절 여성 에센셜 경량 베스트,M,3,CMT,아이블에프앤씨,베트남,2026-12-11,O,
박지인,JKVAM27372,여성 에그라이트 후드형 베스트,M,2,CMT,포마트코퍼레이션,베트남,2027-02-19,O,
최진민,JKVAS27018,히어로 여성 프리마로프트 LIGHT 인슐레이션 베스트,S,2,사입,원전교역,인도네시아,2026-12-11,부분,
박지인,JKVAS27132,춘절 여성 인슐레이션 베스트,S,2,사입,원전교역,베트남,2026-12-11,O,
최진민,JWJGS27001,히어로 남성 고어텍스 3L PRO 재킷,S,2,사입,포마트코퍼레이션,베트남,2026-12-11,O,1월2주
이재헌,JWJGS27101,남성 윈드체이서 고어텍스 후드 방수 재킷,S,3,CMT,포마트코퍼레이션,베트남,2026-12-11,X,2월1주
이재헌,JWJGS27103,남성 고어텍스 후드 디테쳐블 방수 재킷,S,3,CMT,기도산업,미얀마,2026-12-11,O,2월1주
이재헌,JWJJM27141,남성 소프트쉘 재킷 (SET UP),M,2,사입,원전교역,인도네시아,2026-12-11,X,3월1주
이재헌,JWJJM27151,남성 윈드케이 경량 방풍 재킷,M,3,CMT,아이블에프앤씨,베트남,2026-12-11,O,3월2주
이재헌,JWJJM27155,남성 고강력사 방풍 재킷,M,2,사입,원전교역,인도네시아,2026-12-11,X,3월2주
문도혁,JWJJM27165,남성 트레이닝 재킷 (SET UP),M,2,Buying,기도산업,베트남,2026-12-11,X,3월4주
이재헌,JWJJM27171,남성 제노아 경량 인후드 방풍 재킷,M,4,CMT,원전교역,인도네시아,2026-12-11,O,3월1주
이재헌,JWJJM27181,남성 트레이닝 재킷 (SET UP),M,2,Buying,와이아이씨,베트남,2026-12-11,X,3월4주
박지인,JWJJM27301,남녀공용 3L 커버업 방수 재킷,M,2,사입,포마트코퍼레이션,베트남,2027-02-19,O,3월4주
박지인,JWJJM27351,남녀공용 그래픽 매쉬 재킷,M,2,CMT,포마트코퍼레이션,베트남,2027-02-19,O,
박지인,JWJJM27371,남성 에그라이트 방풍 재킷,M,3,CMT,포마트코퍼레이션,베트남,2027-02-19,O,
박지인,JWJJM27373,남성 에그라이트 방수 재킷,M,2,CMT,포마트코퍼레이션,베트남,2027-02-19,O,
박지인,JWJJM27375,남성 에그라이트 스탠드넥 방풍 재킷,M,2,CMT,포마트코퍼레이션,베트남,2027-02-19,O,
최진민,JWJJS27011,히어로 남성 프리마로프트 HEAVY 인슐레이션 재킷,S,2,사입,원전교역,인도네시아,2026-12-11,O,
최진민,JWJJS27015,히어로 남성 프리마로프트 LIGHT 인슐레이션 재킷,S,2,사입,원전교역,인도네시아,2026-12-11,O,
최진민,JWJJS27021,히어로 남성 스톰플리스 프로 LIGHT 소프트쉘 재킷,S,2,사입,원전교역,인도네시아,2026-12-11,O,
최진민,JWJJS27031,히어로 남성 옥타 플리스 재킷,S,2,사입,주식회사 태화에프앤티,베트남,2026-12-11,O,
이재헌,JWJJS27107,남녀공용 우의,S,2,Buying,기도산업,베트남,2027-01-08,X,4월1주
이재헌,JWJJS27109,남녀공용 우의,S,2,Buying,기도산업,국내,2026-12-11,X,4월1주
이재헌,JWJJS27131,남성 OCTA 인슐레이션 재킷,S,2,사입,원전교역,인도네시아,2026-12-11,X,1월3주
이재헌,JWJJS27135,남성 WIGO 방풍 재킷,S,2,사입,원전교역,인도네시아,2026-12-11,O,2월1주
이재헌,JWJWS27105,남성 고어윈드스토퍼 인후드 재킷,S,3,CMT,원전교역,인도네시아,2026-12-11,O,2월1주
박술홍,JWPNM27137,하절 남성 WIGO 디테쳐블 팬츠,M,2,CMT,거림트렌드,베트남,2027-02-01,X,
박술홍,JWPNM27141,하절 남성 소프트쉘 팬츠,M,2,CMT,와이아이씨,베트남,2027-02-01,X,
박술홍,JWPNM27151,하절 남성 원턱 레귤러핏 스탠다드 팬츠,M,2,CMT,주식회사 디코드컴퍼니,베트남,2027-02-01,O,
박술홍,JWPNM27161,하절 남성 노턱 슬림핏 스탠다드 팬츠,M,3,CMT,주식회사 디코드컴퍼니,베트남,2027-02-01,O,
박술홍,JWPNM27165,유통특화_하절 남성 우븐 트레이닝 팬츠,M,2,Buying,기도산업,베트남,2027-02-01,X,
박술홍,JWPNM27171,하절 남성 루즈핏 파라슈트 팬츠,M,2,CMT,와이아이씨,베트남,2027-02-01,O,
박술홍,JWPNM27181,하절 남성 에어도트 루즈핏 파라슈트 팬츠,M,2,CMT,와이아이씨,베트남,2027-02-01,X,
박술홍,JWPNM27183,하절 에어도트 레귤러핏 팬츠,M,2,CMT,티비오콜렉션,베트남,2027-02-01,X,
박술홍,JWPNM27191,하절 남성 커브드 팬츠 (DS 제안),M,2,CMT,티비오콜렉션,베트남,2027-02-01,X,
박지인,JWPNM27351,남녀공용 디테처블 팬츠,M,1,CMT,거림트렌드,베트남,2027-02-19,X,
최진민,JWPNS27061,히어로 남성 스톰플리스 프로 LIGHT 소프트쉘 팬츠,S,2,사입,거림트렌드,베트남,2026-12-11,O,
최진민,JWPNS27071,히어로 남성 클라이밍 팬츠,S,2,사입,거림트렌드,베트남,2026-12-11,O,
박술홍,JWPNS27101,사계절 남성 레귤러핏 스탠다드 원턱 팬츠,S,2,CMT,주식회사 디코드컴퍼니,베트남,2026-12-11,O,
박술홍,JWPNS27103,사계절 남성 슬림핏 스탠다드 노턱 팬츠,S,2,CMT,주식회사 디코드컴퍼니,베트남,2026-12-11,O,
박술홍,JWPNS27113,춘절 남성 레귤러핏 하이킹 팬츠,S,2,CMT,티비오콜렉션,베트남,2026-12-11,O,
박술홍,JWPOM27141,하절 남성 소프트쉘 쇼츠 (SET UP),M,2,CMT,와이아이씨,베트남,2027-02-01,X,
박술홍,JWPOM27161,하절 남성 7부 솔리드 팬츠,M,2,CMT,주식회사 디코드컴퍼니,베트남,2027-02-01,O,
박술홍,JWPOM27171,하절 남성 마운틴 카고 7부 팬츠,M,2,CMT,와이아이씨,베트남,2027-02-01,X,
박술홍,JWPOM27181,하절 남성 에어도트 쇼츠,M,2,CMT,티비오콜렉션,베트남,2027-02-01,X,
박술홍,JWPOM27191,하절 남성 카고 쇼츠 (DS 제안),M,2,CMT,티비오콜렉션,베트남,2027-02-01,X,
박술홍,JWSCM27183,하절 남성 에어도트 반팔 셔츠,M,2,사입,성원F&K,베트남,2027-02-01,X,
박술홍,JWSXM27181,하절 남성 에어도트 긴팔 셔츠,M,2,사입,성원F&K,베트남,2027-02-01,X,
박술홍,JWSXS27135,춘절 남녀공용 우븐 하이킹 셔츠,S,2,사입,성원F&K,베트남,2026-12-11,O,
이재헌,JWTBM27121,남성 솔솔 MossDry 베이직 긴팔 집업 티셔츠,M,3,Buying,TESSELLATION INTERNATIONAL LIM,베트남,2026-12-11,X,2월4주
이재헌,JWTBM27125,남성 우븐 하프집업 티셔츠 (타공 디테일),M,2,사입,주식회사 아이케이지,베트남,2026-12-11,O,2월4주
이재헌,JWTBM27127,남성 솔솔 MossDry 베이직 긴팔 집업 티셔츠,M,3,Buying,주식회사 태화에프앤티,베트남/인도네시아,2026-12-11,X,2월4주
이재헌,JWTBM27165,남성 솔솔 MossDry 소매 하이브리드 긴팔 집업 티셔츠,M,2,Buying,주식회사 태화에프앤티,베트남,2026-12-11,X,3월2주
이재헌,JWTBM27167,남성 솔솔 MossDry 소매 하이브리드 긴팔 집업 티셔츠,M,2,사입,주식회사 태화에프앤티,베트남,2026-12-11,O,3월2주
이재헌,JWTBM27181,남성 솔솔 에어도트 하이브리드 긴팔 맨투맨,M,2,사입,장안어패럴,베트남,2026-12-11,X,3월2주
박지인,JWTBM27301,남성 썬 후디 긴팔 티셔츠,M,2,사입,장안어패럴,베트남,2027-02-19,O,
박지인,JWTBM27311,남성 패커블 그래픽 긴팔 티셔츠,M,2,사입,주식회사 아이케이지,인도네시아,2027-02-19,O,
박지인,JWTBM27351,남녀공용 그래픽 매쉬 긴팔 티셔츠,M,2,CMT,호전실업㈜,베트남,2027-02-19,O,
최진민,JWTBS27057,히어로 남성 니트도트 긴팔 라운드티,S,2,사입,주식회사 태화에프앤티,베트남,2026-12-11,O,
이재헌,JWTBS27101,남성 베이직 긴팔 집업 티셔츠,S,3,Buying,주식회사 태화에프앤티,국내,2026-12-11,X,4월1주
이재헌,JWTBS27103,남성 베이직 긴팔 라운드 티셔츠,S,2,Buying,주식회사 아이케이지,인도네시아,2026-12-11,X,4월1주
이재헌,JWTBS27107,남성 베이직 긴팔 집업 티셔츠,S,3,Buying,TESSELLATION INTERNATIONAL LIM,베트남,2026-12-11,X,4월1주
이재헌,JWTBS27109,남성 베이직 긴팔 라운드 티셔츠,S,2,Buying,TESSELLATION INTERNATIONAL LIM,베트남,2026-12-11,X,4월1주
이재헌,JWTBS27111,남성 하이브리드 긴팔 집업 티셔츠,S,2,사입,주식회사 아이케이지,인도네시아,2026-12-11,O,1월3주
이재헌,JWTBS27113,남성 ClearDry 긴팔 라운드 티셔츠,S,2,사입,주식회사 아이케이지,인도네시아,2026-12-11,O,1월3주
이재헌,JWTBS27115,남성 ClearDry 긴팔 집업 티셔츠,S,2,사입,주식회사 아이케이지,인도네시아,2026-12-11,O,1월3주
이재헌,JWTBS27117,남성 퀵드라이 바라클라바 긴팔 후드 티셔츠,S,2,사입,주식회사 아이케이지,인도네시아,2026-12-11,O,1월4주
이재헌,JWTBS27119,남성 자가드 긴팔 집업 티셔츠,S,2,사입,장안어패럴,베트남,2026-12-11,O,1월4주
박진아,JWTCM27127,남녀공용 소로나 레귤러핏 그래픽 티셔츠,M,2,사입,주식회사 아이케이지,베트남,2026-12-11,X,
이재헌,JWTCM27131,남녀공용 소로나 레귤러핏 그래픽 티셔츠,M,3,사입,주식회사 아이케이지,인도네시아,2026-12-11,X,3월4주
이재헌,JWTCM27133,남녀공용 에어론 레귤러핏 그래픽 티셔츠,M,2,사입,주식회사 아이케이지,인도네시아,2026-12-11,O,3월4주
이재헌,JWTCM27135,남녀공용 소로나 세미오버핏 그래픽 티셔츠,M,3,사입,주식회사 아이케이지,인도네시아,2026-12-11,X,3월4주
이재헌,JWTCM27137,남녀공용 소로나쿨(CP) 레귤러핏 그래픽 티셔츠,M,2,사입,주식회사 아이케이지,인도네시아,2026-12-11,O,3월4주
박진아,JWTCM27139,남녀공용 에어론 레귤러핏 그래픽 티셔츠,M,2,사입,주식회사 아이케이지,베트남,2026-12-11,O,
박진아,JWTCM27141,남녀공용 에어론 레귤러핏 그래픽 티셔츠,M,2,사입,주식회사 아이케이지,인도네시아,2026-12-11,X,
박진아,JWTCM27143,남녀공용 폴리(CC DRY) 세미오버핏 그래픽 티셔츠,M,2,사입,장안어패럴,인도네시아,2026-12-11,X,
박진아,JWTCM27145,남녀공용 폴리(CC DRY) 레귤러핏 그래픽 티셔츠,M,2,사입,장안어패럴,베트남,2026-12-11,X,
박진아,JWTCM27147,남녀공용 소로나 레귤러핏 그래픽 티셔츠,M,2,사입,주식회사 아이케이지,인도네시아,2026-12-11,O,
박진아,JWTCM27149,남녀공용 소로나쿨(CP) 레귤러핏 그래픽 티셔츠,M,2,사입,주식회사 태화에프앤티,인도네시아,2026-12-11,X,
이재헌,JWTCM27151,남성 소로나 메쉬 반팔 집업 티셔츠,M,2,사입,주식회사 아이케이지,인도네시아,2026-12-11,O,3월3주
이재헌,JWTCM27153,남성 메쉬 하이브리드 반팔 라운드 티셔츠,M,2,사입,장안어패럴,베트남,2026-12-11,X,3월4주
이재헌,JWTCM27157,남성 솔솔 MossDry 베이직 반팔 집업 티셔츠,M,4,Buying,주식회사 태화에프앤티,인도네시아,2026-12-11,X,3월2주
이재헌,JWTCM27159,남성 솔솔 MossDry 베이직 반팔 라운드 티셔츠,M,4,Buying,TESSELLATION INTERNATIONAL LIM,베트남,2026-12-11,X,3월2주
이재헌,JWTCM27161,남성 솔솔 MossDry 베이직 반팔 집업 티셔츠,M,4,Buying,TESSELLATION INTERNATIONAL LIM,베트남,2026-12-11,X,3월2주
이재헌,JWTCM27163,남성 솔솔 MossDry 베이직 반팔 라운드 티셔츠,M,4,Buying,TESSELLATION INTERNATIONAL LIM,베트남,2026-12-11,X,3월2주
이재헌,JWTCM27183,남성 솔솔 에어도트 반팔 폴로 티셔츠,M,2,사입,장안어패럴,베트남,2026-12-11,X,3월4주
이재헌,JWTCM27185,남성 솔솔 에어도트 반팔 라운드 티셔츠 (SET UP),M,2,사입,주식회사 태화에프앤티,베트남,2026-12-11,X,3월4주
이재헌,JWTCM27187,남성 솔솔 에어도트 반집업 반팔 티셔츠,M,2,사입,주식회사 태화에프앤티,베트남,2026-12-11,X,3월4주
이재헌,JWTCM27191,남성 슬리브리스,M,2,사입,장안어패럴,베트남,2026-12-11,O,4월1주
박지인,JWTCM27321,남녀공용 패커블 반팔 티셔츠,M,2,사입,주식회사 아이케이지,인도네시아,2027-02-19,O,
최진민,JWTCS27055,히어로 남성 메리노울 반팔 라운드티,S,2,사입,장안어패럴,베트남,2026-12-11,O,
이재헌,JWVAM27101,남성 에센셜 경량 베스트,M,3,CMT,아이블에프앤씨,베트남,2026-12-11,O,3월2주
박지인,JWVAM27301,남녀공용 알파다이렉트 베스트,M,1,사입,주식회사 아이케이지,인도네시아,2027-02-19,O,
박지인,JWVAM27371,남성 에그라이트 스탠드넥 베스트,M,2,CMT,포마트코퍼레이션,베트남,2027-02-19,O,
최진민,JWVAS27017,히어로 남성 프리마로프트 LIGHT 인슐레이션 베스트,S,2,사입,원전교역,인도네시아,2026-12-11,O,
이재헌,JWVAS27109,남성 유틸리티 스탠드넥 베스트,S,1,사입,아이블에프앤씨,베트남,2026-12-11,O,4월1주
이재헌,JWVAS27131,남성 OCTA 인슐레이션 베스트,S,2,사입,원전교역,인도네시아,2026-12-11,O,1월3주
이재헌,JWVAS27907,유통특화_남성 유틸리티 V넥 베스트,S,1,사입,아이블에프앤씨,베트남,2026-12-11,O,4월1주
박술홍,QEAAM27301,남녀공용 에어도트 사하라 쉐이드,M,1,사입,캐비야모자,국내,2027-03-24,X,
박술홍,QEAAM27303,남녀공용 메쉬 프린트 사하라 쉐이드,M,1,사입,주식회사 피앤지아이엔씨,베트남,2027-03-24,X,
최지희,QEAAX27111,남녀공용 그래픽 반다나,X,4,사입,아이앤지,국내,2027-03-23,X,
박술홍,QEAAX27741,TRAIL 남녀공용 트레일러닝 스트레치 헤어밴드,X,3,사입,신기 sb,국내,2027-01-15,X,
최지희,QEAKM27103,남녀공용 봉제형 이어 멀티 쿨 마스크,M,3,사입,아이앤지,국내,2027-03-24,X,
최지희,QEAKX27101,남녀공용 심리스 멀티 스카프,X,2,사입,아이앤지,국내,2027-03-23,X,
최지희,QEAKX27111,남녀공용 그래픽 스카프,X,2,사입,아이앤지,국내,2027-03-23,X,
박술홍,QEBDX27041,남녀공용 히어로 더플백 40L,X,1,사입,풍국산업,베트남,2027-01-15,O,
박술홍,QEBDX27091,남녀공용 히어로 더플백 100L,X,1,사입,풍국산업,베트남,2027-01-15,O,
박술홍,QEBDX27111,남녀공용 하이킹 슬링백,X,2,사입,인투잇플러스,중국,2027-01-15,X,
박술홍,QEBDX27123,남녀공용 백패킹 사코슈백,X,2,사입,인투잇플러스,중국,2027-01-15,X,
박술홍,QEBDX27133,남녀공용 하이킹 미니 웨이스트백,X,2,사입,인투잇플러스,중국,2027-01-15,X,
박술홍,QEBDX27135,남녀공용 백패킹 보틀 홀더,X,1,사입,인투잇플러스,중국,2027-01-15,X,
박술홍,QEBDX27137,남녀공용 하이킹 미니 파우치,X,3,사입,인투잇플러스,중국,2027-01-15,X,
박술홍,QEBDX27501,남녀공용 에브리데이 토트백,X,2,사입,인투잇플러스,중국,2027-01-15,X,
박술홍,QEBDX27511,남녀공용 에브리데이 슬링백,X,2,사입,인투잇플러스,중국,2027-01-15,X,
박술홍,QEBDX27513,남녀공용 에브리데이 슬링백,X,2,사입,주식회사 신일레포츠,중국,2027-01-15,X,
최지희,QEBDX27691,남녀공용 데이팩 토트백,X,2,사입,주식회사 신일레포츠,중국,2027-01-15,X,
박술홍,QEBDX27731,TRAIL 남녀공용 트레일러닝 힙벨트,X,1,사입,풍국산업,베트남,2027-01-15,O,
박술홍,QEBXX27111,남녀공용 티어드롭형 AXIOM 10L,X,3,사입,인투잇플러스,중국,2027-01-15,X,
박술홍,QEBXX27121,남녀공용 티어드롭형 AXIOM 20L,X,3,사입,인투잇플러스,중국,2027-01-15,X,
박술홍,QEBXX27123,남녀공용 롤탑형 AXIOM 25L(+7L),X,2,사입,인투잇플러스,중국,2027-01-15,X,
박술홍,QEBXX27131,남녀공용 티어드롭형 AXIOM 30L,X,1,사입,인투잇플러스,중국,2027-01-15,X,
박술홍,QEBXX27141,남여공용 롤탑형 AXIOM 37L(+8L),X,1,사입,인투잇플러스,중국,2027-01-15,X,
박술홍,QEBXX27142,남여공용 롤탑형 AXIOM 35L(+7L),X,1,사입,인투잇플러스,중국,2027-01-15,X,
박술홍,QEBXX27501,남녀공용 에브리데이 백팩,X,2,사입,인투잇플러스,중국,2027-01-15,X,
박술홍,QEBXX27511,남녀공용 스트링형 단거리 근교산행용 패커블 백팩 10L,X,2,사입,인투잇플러스,중국,2027-01-15,X,
최지희,QEBXX27691,남녀공용 데이팩 백팩,X,1,사입,주식회사 신일레포츠,중국,2027-01-15,X,
박술홍,QEBXX27701,TRAIL 남녀공용 트레일러닝 베스트 5L,X,2,사입,풍국산업,베트남,2027-01-15,O,
박술홍,QEBXX27711,TRAIL 남녀공용 트레일러닝 베스트 10L,X,2,사입,풍국산업,베트남,2027-01-15,O,
최지희,QEHEM27103,남녀공용 모스드라이 심리스 팔토시,M,2,사입,아이앤지,중국,2027-03-24,X,
최지희,QEHEM27105,남녀공용 모스드라이 손등 팔토시,M,2,사입,아이앤지,베트남,2027-03-24,X,
박진아,QEHFM27301,남녀공용 모스드라이 하이킹 스트레치 반장갑,M,3,사입,성원F&K,베트남,2026-12-11,X,
박진아,QEHFM27305,남녀공용 모스드라이 하이킹 자외선 차단 반장갑,M,3,사입,성원F&K,베트남/인도네시아,2026-12-11,X,
박진아,QEHFX27101,남녀공용 모스드라이 하이킹 스트레치 장갑,X,3,사입,시즈 글로벌,캄보디아,2027-01-15,O,
박진아,QEHFX27901,유통특화_남녀공용 하이킹 메쉬 긴장갑,X,3,CMT,시즈 글로벌,캄보디아,2027-01-15,X,
최지희,QELAX27111,남녀공용 메리노울 하이킹 크루 삭스,X,2,사입,크리스앤컴퍼니,국내,2027-01-18,X,
최지희,QELAX27121,남녀공용 메리노울 하이킹 컴프레션 크루 삭스,X,3,사입,크리스앤컴퍼니,국내,2027-01-18,X,
최지희,QELAX27131,남녀공용 메리노울 컴프레션 크루 삭스,X,3,사입,크리스앤컴퍼니,국내,2027-01-18,X,
최지희,QELAX27141,남녀공용 메리노울 하이킹 딥다잉 컴프레션 크루 삭스,X,2,사입,크리스앤컴퍼니,국내,2027-01-18,X,
최지희,QELAX27501,남녀공용 바이오맥스 니삭스,X,2,사입,건우 통상,국내,2027-01-18,X,
최지희,QELAX27511,남녀공용 그래픽 크루 삭스,X,3,사입,건우 통상,국내,2027-02-25,X,
최지희,QELAX27521,남녀공용 레트로 크루 삭스,X,3,사입,건우 통상,국내,2027-03-11,X,
최지희,QELAX27531,남녀공용 에센셜 크루 삭스,X,2,사입,범창모산,국내,2027-02-25,X,
최지희,QELAX27541,남녀공용 베이직 앵클 삭스,X,4,사입,건우 통상,국내,2027-02-25,X,
최지희,QELAX27551,남녀공용 에센셜 쿠셔닝 인비저블 삭스 3PACK,X,3,사입,범창모산,국내,2027-02-25,X,
최지희,QELAX27561,남녀공용 상록수 그래픽 크루 삭스,X,2,사입,범창모산,국내,2027-02-25,X,
최지희,QELAX27571,남녀공용 레터링 크루 삭스,X,2,사입,범창모산,국내,2027-03-11,X,
박술홍,QELAX27701,TRAIL 남녀공용 트레일러닝 크루 삭스,X,3,사입,크리스앤컴퍼니,국내,2027-01-15,X,
최지희,QEREM27131,남녀공용 메쉬 우븐 배색 캠프캡,M,2,사입,캐비야모자,국내,2027-03-12,O,
최지희,QEREM27151,남녀공용 에어도트 볼캡,M,4,사입,캐비야모자,국내,2027-03-12,O,
최지희,QEREM27171,남녀공용 에어도트 사하라캡,M,2,사입,주식회사 피앤지아이엔씨,베트남,2027-03-24,O,
최지희,QEREM27301,남녀공용 BPL 프린트 패널캡,M,1,사입,주식회사 피앤지아이엔씨,베트남,2027-03-24,X,
최지희,QEREM27311,남녀공용 BPL 패널캡,M,2,사입,주식회사 피앤지아이엔씨,베트남,2027-03-24,O,
최지희,QEREX27101,남녀공용 고어텍스 3L 볼캡,X,2,CMT,캐비야모자,국내,2027-01-18,O,
최지희,QEREX27111,남녀공용 고어텍스 2L 캠프캡,X,3,CMT,캐비야모자,국내,2027-01-18,O,
최지희,QEREX27401,남녀공용 면 트윌 볼캡,X,4,사입,주식회사 피앤지아이엔씨,베트남,2027-03-11,O,
박술홍,QEREX27711,TRAIL 남녀공용 트레일러닝 메쉬 캠프캡,X,2,사입,주식회사 피앤지아이엔씨,베트남,2027-01-15,O,
박술홍,QEREX27721,TRAIL 남녀공용 트레일러닝 에어도트 볼캡,X,2,사입,주식회사 피앤지아이엔씨,베트남,2027-01-15,O,
최지희,QERFM27121,남녀공용 경량 메쉬 버킷햇,M,2,사입,캐비야모자,국내,2027-03-24,O,
최지희,QERFM27151,남녀공용 에어도트 버킷햇,M,2,사입,캐비야모자,국내,2027-03-12,O,
최지희,QERFM27401,남녀공용 시어서커 버킷햇,M,2,사입,캐비야모자,국내,2027-03-24,O,
최지희,QERFM27402,여성 롱와이드 버킷햇,M,2,사입,주식회사 피앤지아이엔씨,베트남,2027-03-24,X,
최지희,QERFM27501,남녀공용 데이팩 버킷햇,M,3,CMT,캐비야모자,국내,2027-03-24,O,
최지희,QERFX27101,남녀공용 고어텍스 버킷햇,X,3,CMT,캐비야모자,국내,2027-01-18,O,
최지희,QERFX27111,남녀공용 고어텍스 브림햇,X,2,CMT,캐비야모자,국내,2027-01-18,O,
최지희,QERFX27141,남녀공용 경량 우븐 벤틸레이션 브림햇,X,2,사입,캐비야모자,국내,2027-03-11,O,
정영준,TLJJM27501,하절 남성 경량 재킷,M,2,사입,원전교역,미얀마,2027-01-21,X,3월1주
정영준,TLJJM27511,하절 남성 윈드포레스트 패커블 방풍 재킷,M,3,사입,아이블에프앤씨,베트남,2027-01-21,O,3월1주
박술홍,TLJJM27701,남성 트레일러닝 초경량 3L 방수 자켓,M,1,사입,포마트코퍼레이션,베트남,2027-03-01,O,3월1주
박술홍,TLJJM27703,남성 트레일러닝 패커블 초경량 방풍 자켓,M,1,사입,포마트코퍼레이션,베트남,2027-03-01,O,3월1주
정영준,TLJJS27501,춘절 남성 패딩 헤링턴 재킷,S,2,사입,기도산업,베트남,2026-12-11,X,1월3주
정영준,TLJJS27503,춘절 남성 소프트쉘 헤링턴 재킷,S,2,사입,포마트코퍼레이션,베트남,2026-12-11,X,2월1주
정영준,TLJJS27511,춘절 남성 소프트안감 드리즐러 재킷,S,2,사입,포마트코퍼레이션,베트남,2026-12-11,X,2월1주
정영준,TLJJS27521,춘절 남성 3L 후드 방수 재킷,S,2,사입,기도산업,베트남,2026-12-11,X,1월3주
정영준,TLJJS27531,춘절 남성 소프트필 재킷,S,2,사입,주식회사 아이케이지,인도네시아,2026-12-11,X,2월1주
정영준,TLJJS27541,사계절 남성 KOMFORT 이지 재킷,S,2,사입,포마트코퍼레이션,베트남,2026-12-11,X,2월1주
정영준,TLJJS27551,유통특화_춘절 남성 키퍼 스탠드넥 재킷,S,2,사입,아이블에프앤씨,베트남,2026-12-11,O,1월3주
정영준,TLJJS27561,유통특화_춘절 남성 인후드 재킷,S,2,사입,원전교역,미얀마,2026-12-11,O,2월1주
정영준,TLJJS27901,유통특화_춘절 남성 인후드 재킷,S,2,사입,원전교역,미얀마,2026-12-11,X,
정영준,TLJJS27911,유통특화_춘절 남성 키퍼 스탠드넥 재킷,S,2,사입,아이블에프앤씨,베트남,2026-12-11,X,
문도혁,TLPNM27501,하절 남성 시어서커 레귤러핏 팬츠,M,2,CMT,거림트렌드,베트남,2027-01-21,O,
문도혁,TLPNM27511,하절 남성 면 혼방 레귤러핏 테이퍼드 팬츠,M,2,CMT,와이아이씨,베트남,2027-01-21,O,
문도혁,TLPNM27541,하절 남성 레귤러핏 테이퍼드 팬츠,M,2,CMT,거림트렌드,베트남,2027-01-21,O,
문도혁,TLPNM27691,하절 남성 데이팩 레귤러핏 테이퍼드 팬츠,M,2,CMT,거림트렌드,베트남,2027-01-14,O,
문도혁,TLPNM27693,하절 남성 데이팩 루즈핏 팬츠,M,2,CMT,티비오콜렉션,베트남,2027-01-14,O,
문도혁,TLPNM27911,유통특화_하절 남성 쿨맥스 데님 팬츠,M,2,사입,스코브데님워크숍,베트남,2027-01-21,O,
문도혁,TLPNS27411,춘절 남성 면 혼방 레귤러핏 테이퍼드 팬츠,S,2,CMT,거림트렌드,베트남,2026-12-11,O,
문도혁,TLPNS27501,춘절 루즈핏 커브드 팬츠,S,2,CMT,와이아이씨,베트남,2026-12-11,O,
문도혁,TLPNS27521,사계절 남성 KOMFORT 레귤러핏 팬츠,S,2,CMT,와이아이씨,베트남,2026-12-11,O,
문도혁,TLPNS27531,춘절 남성 소프트필 저지 팬츠,S,2,사입,주식회사 아이케이지,인도네시아,2026-12-11,O,
문도혁,TLPNS27901,유통특화_사계절 남성 레귤러핏 데님 팬츠,S,2,사입,스코브데님워크숍,베트남,2026-12-11,O,
문도혁,TLPOM27501,하절 남성 시어서커 쇼츠,M,2,CMT,거림트렌드,베트남,2027-01-21,O,
문도혁,TLPOM27521,하절 남성 KOMFORT 쇼츠,M,2,CMT,티비오콜렉션,베트남,2027-01-21,O,
문도혁,TLPOM27531,하절 남성 나일론 버뮤다 쇼츠,M,2,CMT,거림트렌드,베트남,2027-01-21,O,
문도혁,TLPOM27697,하절 남성 데이팩 베이직 쇼츠,M,3,CMT,티비오콜렉션,베트남,2027-01-14,O,
문도혁,TLPOM27699,하절 남성 데이팩 카고 쇼츠,M,2,CMT,티비오콜렉션,베트남,2027-01-14,X,
박술홍,TLPOM27731,남성 트레일러닝 초경량 스플릿 3부 팬츠,M,1,사입,와이아이씨,베트남,2027-03-01,X,
박술홍,TLPOM27733,남성 트레일러닝 트레일 2in1 스토리지 3부 팬츠,M,2,사입,와이아이씨,베트남,2027-03-01,X,
박술홍,TLPOM27735,남성 트레일러닝 트레일 스토리지 5부 타이즈,M,1,사입,주식회사 아이케이지,인도네시아,2027-03-01,X,
김준래,TLSCM27501,하절 남성 시어서커 반팔 셔츠,M,4,사입,픽스쳐패브리케이션,베트남,2027-03-08,O,
김준래,TLSCM27511,하절 남성 체크 반팔 셔츠,M,2,사입,픽스쳐패브리케이션,베트남,2027-03-08,O,
문도혁,TLSCM27693,하절 남성 데이팩 베이직 셔츠,M,3,사입,성원F&K,베트남,2027-01-14,O,
김준래,TLSCM27921,유통특화_하절 남성 체크 시어서커 반팔 셔츠,M,2,사입,픽스쳐패브리케이션,베트남,2027-03-08,O,
김준래,TLSXM27521,하절 남성 체크 긴팔 셔츠,M,2,사입,픽스쳐패브리케이션,베트남,2027-02-22,O,2월4주
김준래,TLSXM27551,하절 남성 시어서커 긴팔 셔츠,M,2,사입,픽스쳐패브리케이션,베트남,2027-02-22,O,
김준래,TLSXM27901,유통특화_남성 체크 긴팔 셔츠,M,2,사입,픽스쳐패브리케이션,베트남,2027-02-15,O,
김준래,TLSXS27501,남성 기본형 세미오버 긴팔 셔츠,S,2,사입,성원F&K,베트남,2027-02-15,O,
김준래,TLSXS27511,남성 아우터형 긴팔 셔츠,S,2,사입,성원F&K,베트남,2027-02-15,O,
김준래,TLTBM27501,남녀공용 베이직 세미오버 긴팔 티셔츠,M,2,사입,TESSELLATION INTERNATIONAL LIM,베트남,2027-01-11,X,
김준래,TLTBS27511,남성 베이직 폴로 긴팔 티셔츠,S,3,Buying,TESSELLATION INTERNATIONAL LIM,베트남,2027-01-11,X,
김준래,TLTBS27571,춘절 남성 니트 폴로 긴팔 티셔츠,S,2,사입,어필코리아,베트남,2026-12-11,O,
김준래,TLTCM27501,하절 남성 베이직 폴로 반팔 티셔츠,M,4,Buying,TESSELLATION INTERNATIONAL LIM,베트남,2027-03-08,X,
김준래,TLTCM27503,하절 남성 핫멜트 폴로 반팔 티셔츠,M,5,사입,장안어패럴,베트남,2027-01-18,O,
김준래,TLTCM27505,하절 남성 시어서커 폴로 반팔 티셔츠,M,2,사입,장안어패럴,베트남,2027-03-08,O,
김준래,TLTCM27509,하절 남성 시어서커 라운드넥 반팔 티셔츠,M,2,사입,장안어패럴,베트남,2027-03-08,O,
김준래,TLTCM27511,하절 남녀공용 CP소로나쿨 레귤러핏 상록수 그래픽 반팔 티셔츠,M,2,사입,주식회사 아이케이지,인도네시아,2027-03-22,X,
김준래,TLTCM27513,하절 남녀공용 NP소로나쿨 세미오버핏 상록수 그래픽 반팔 티셔츠,M,2,사입,주식회사 아이케이지,인도네시아,2027-03-22,X,
김준래,TLTCM27515,하절 남녀공용 NP소로나쿨 세미오버핏 그래픽 반팔 티셔츠,M,2,사입,주식회사 아이케이지,인도네시아,2027-03-22,X,
김준래,TLTCM27517,하절 남성 소로나 레귤러핏 그래픽 반팔 티셔츠,M,2,사입,장안어패럴,베트남,2027-03-22,X,
김준래,TLTCM27519,하절 남녀공용 소로나쿨(NP) 세미오버핏 그래픽 반팔 티셔츠,M,2,사입,장안어패럴,베트남,2027-03-22,X,
김준래,TLTCM27521,남성 소로나 레귤러핏 반팔 티셔츠,M,4,Buying,주식회사 아이케이지,인도네시아,2027-02-20,X,
김준래,TLTCM27523,남성 CP소로나쿨 세미오버 반팔 티셔츠,M,4,사입,주식회사 아이케이지,인도네시아,2027-02-22,O,
김준래,TLTCM27529,하절 남성 린넨라이크 폴로 반팔 티셔츠,M,2,사입,장안어패럴,베트남,2027-03-08,O,
김준래,TLTCM27561,하절 남성 헨리넥 레귤러핏 반팔 티셔츠,M,2,사입,주식회사 아이케이지,인도네시아,2027-02-22,X,
김준래,TLTCM27591,하절 남성 시어서커 하프집업 반팔 티셔츠,M,2,사입,장안어패럴,베트남,2027-03-08,O,
문도혁,TLTCM27691,하절 남녀공용 데이팩 티셔츠,M,3,사입,주식회사 아이케이지,인도네시아,2027-01-14,O,
문도혁,TLTCM27695,하절 남성 데이팩 하프집업 티셔츠,M,2,사입,주식회사 아이케이지,인도네시아,2027-01-14,X,
박술홍,TLTCM27711,남성 트레일러닝 흡습속건 라운드 반팔 티셔츠,M,3,사입,장안어패럴,베트남,2027-03-01,O,
박술홍,TLTCM27721,남성 트레일러닝 자카드 라운드 슬리브리스,M,1,사입,장안어패럴,베트남,2027-03-01,O,
박술홍,TLTCM27723,남성 트레일러닝 저지 라운드 슬리브리스,M,1,사입,장안어패럴,베트남,2027-03-01,X,
문도혁,TVJJM27502,하절 여성 스탠드넥 벤틸레이션 방풍 재킷,M,2,사입,원전교역,베트남,2027-01-21,X,
문도혁,TVJJM27512,하절 여성 메쉬 하이브리드 라운드넥 재킷,M,2,사입,기도산업,베트남,2027-01-21,X,
문도혁,TVJJM27522,하절 여성 중기장 후디드 방풍 재킷,M,2,사입,원전교역,베트남,2027-01-21,X,
문도혁,TVJJM27532,하절 여성 V컷 스탠드넥 방풍 재킷,M,2,사입,아이블에프앤씨,베트남,2027-01-21,X,
문도혁,TVJJM27552,하절 여성 메쉬 하이브리드 크롭 후디드 재킷,M,2,사입,아이블에프앤씨,베트남,2027-01-21,X,
박술홍,TVJJM27702,여성 트레일러닝 초경량 3L 방수 자켓,M,1,사입,포마트코퍼레이션,베트남,2027-03-01,O,
박술홍,TVJJM27704,여성 트레일러닝 패커블 초경량 방풍 자켓,M,1,사입,포마트코퍼레이션,베트남,2027-03-01,O,
문도혁,TVJJS27502,춘절 여성 논퀼팅 인슐레이션 재킷,S,2,사입,아이블에프앤씨,베트남,2026-12-11,O,
문도혁,TVJJS27522,춘절 여성 웨더 중기장 재킷,S,2,사입,포마트코퍼레이션,베트남,2026-12-11,O,
문도혁,TVJJS27532,춘절 여성 3L 후디드 방수 재킷,S,2,사입,기도산업,베트남,2026-12-11,O,
문도혁,TVJJS27542,춘절 여성 소프트안감 칼라드 재킷,S,2,사입,원전교역,베트남,2026-12-11,O,2월1주
문도혁,TVJJS27552,춘절 여성 키퍼 중기장 벨티드 재킷,S,2,사입,아이블에프앤씨,베트남,2026-12-11,O,
문도혁,TVJJS27562,춘절 여성 키퍼 넥리스 재킷,S,2,사입,아이블에프앤씨,베트남,2026-12-11,O,
문도혁,TVJJS27902,유통특화_춘절 여성 키퍼 중기장 벨티드 재킷,S,2,사입,아이블에프앤씨,베트남,2026-12-11,X,
문도혁,TVJJS27912,유통특화_춘절 여성 키퍼 넥리스 재킷,S,2,사입,아이블에프앤씨,베트남,2026-12-11,X,
정영준,TVPNM27502,하절 여성 베이직 크롭 세미 와이드 팬츠,M,2,CMT,와이아이씨,베트남,2027-01-21,X,3월1주
정영준,TVPNM27522,하절 여성 카고조거 팬츠,M,2,CMT,와이아이씨,베트남,2027-01-21,O,3월1주
정영준,TVPNM27532,하절 여성 와이드 팬츠,M,2,CMT,티비오콜렉션,베트남,2027-01-21,O,3월1주
정영준,TVPNM27542,하절 여성 시어서커 파라슈츠 팬츠,M,2,CMT,거림트렌드,베트남,2027-01-21,O,3월2주
정영준,TVPNM27694,하절 여성 데이팩 루즈 팬츠,M,2,CMT,티비오콜렉션,베트남,2027-01-14,O,3월4주
정영준,TVPNM27904,유통특화_하절 여성 쿨맥스 레귤러핏 데님 팬츠,M,1,사입,스코브데님워크숍,베트남,2027-01-21,O,3월1주
정영준,TVPNS27512,춘절 여성 베이직 커브드 팬츠,S,2,CMT,와이아이씨,베트남,2026-12-11,O,1월3주
정영준,TVPNS27522,춘절 여성 루즈 커브드 팬츠,S,2,CMT,거림트렌드,베트남,2026-12-11,O,1월3주
정영준,TVPNS27532,춘절 여성 부츠컷 팬츠,S,2,CMT,티비오콜렉션,베트남,2026-12-11,O,1월3주
정영준,TVPNS27542,춘절 여성 레귤러핏 팬츠,S,2,CMT,거림트렌드,베트남,2026-12-11,O,1월3주
정영준,TVPNS27552,춘절 여성 소프트필 조거 팬츠,S,2,사입,주식회사 아이케이지,인도네시아,2026-12-11,O,2월1주
정영준,TVPNS27902,유통특화_사계절 여성 세미 부츠컷 데님 팬츠,S,1,사입,스코브데님워크숍,베트남,2026-12-11,O,2월1주
정영준,TVPOM27502,하절 여성 시어서커 5부,M,2,CMT,거림트렌드,베트남,2027-01-21,O,3월2주
정영준,TVPOM27512,하절 여성 버뮤다 팬츠,M,2,CMT,티비오콜렉션,베트남,2027-01-21,X,3월4주
정영준,TVPOM27692,하절 여성 데이팩 롱 베이직 스커트,M,2,CMT,와이아이씨,베트남,2027-01-14,O,3월4주
정영준,TVPOM27694,하절 여성 데이팩 롱 더블플랩 스커트 (립),M,2,CMT,와이아이씨,베트남,2027-01-14,O,3월4주
정영준,TVPOM27696,하절 여성 데이팩 쇼츠,M,3,CMT,티비오콜렉션,베트남,2027-01-14,O,3월4주
정영준,TVPOM27698,하절 여성 데이팩 카고 쇼츠,M,3,CMT,티비오콜렉션,베트남,2027-01-14,O,3월4주
박술홍,TVPOM27732,여성 트레일러닝 초경량 스플릿 3부 팬츠,M,1,사입,와이아이씨,베트남,2027-03-01,X,
박술홍,TVPOM27734,여성 트레일러닝 트레일 2in1 스토리지 3부 팬츠,M,1,사입,와이아이씨,베트남,2027-03-01,X,
박술홍,TVPOM27736,여성 트레일러닝 트레일 스토리지 4부 타이즈,M,1,사입,주식회사 아이케이지,인도네시아,2027-03-01,O,
정영준,TVPOS27502,춘절 여성 롱 스커트,S,1,사입,와이아이씨,베트남,2026-12-11,O,2월1주
김준래,TVSCM27512,하절 여성 시어서커 반팔 셔츠,M,2,사입,성원F&K,베트남,2027-03-08,O,
정영준,TVSCM27692,하절 여성 데이팩 반팔 셔츠,M,2,사입,성원F&K,베트남,2027-01-14,O,3월4주
김준래,TVSXM27582,하절 여성 시어서커 후드 긴팔 셔츠,M,2,사입,성원F&K,베트남,2027-03-08,O,
김준래,TVSXM27592,하절 여성 에어리 긴팔 셔츠,M,2,사입,성원F&K,베트남,2027-03-01,X,
김준래,TVSXM27902,유통특화_여성 체크 긴팔 셔츠,M,2,사입,픽스쳐패브리케이션,베트남,2027-03-08,O,
김준래,TVSXS27502,여성 세미오버 긴팔 셔츠,S,2,사입,성원F&K,베트남,2027-02-15,O,
김준래,TVSXS27522,여성 아우터형 긴팔 셔츠,S,2,사입,성원F&K,베트남,2027-02-15,O,
김준래,TVTBS27548,여성 베이직 폴로 긴팔 티셔츠,S,3,Buying,TESSELLATION INTERNATIONAL LIM,베트남,2027-01-11,X,
김준래,TVTBS27552,춘절 여성 소프트필 후드 긴팔 티셔츠,S,2,사입,주식회사 아이케이지,인도네시아,2026-12-11,O,
김준래,TVTBS27592,춘절 여성 니트 폴로 긴팔 티셔츠,S,2,사입,어필코리아,베트남,2026-12-11,O,
김준래,TVTCM27502,하절 여성 베이직 폴로 반팔 티셔츠,M,3,Buying,주식회사 아이케이지,국내,2027-02-22,X,
김준래,TVTCM27504,하절 여성 핫멜트 폴로 반팔 티셔츠,M,3,사입,장안어패럴,베트남,2027-01-18,O,
김준래,TVTCM27506,여성 소로나 라운드넥 반팔 티셔츠,M,4,Buying,주식회사 아이케이지,인도네시아,2027-02-22,X,
김준래,TVTCM27508,여성 CP소로나쿨 모크넥 반팔 티셔츠,M,2,사입,장안어패럴,베트남,2027-02-22,X,
김준래,TVTCM27514,하절 여성 CP소로나쿨 그래픽 크롭 반팔 티셔츠,M,2,사입,주식회사 아이케이지,인도네시아,2027-03-22,X,
김준래,TVTCM27528,하절 여성 린넨 라이크 폴로 반팔 티셔츠,M,2,사입,장안어패럴,베트남,2027-03-08,X,
김준래,TVTCM27538,하절 여성 시어서커 반팔 폴로 티셔츠,M,3,사입,주식회사 태화에프앤티,베트남,2027-03-08,O,
김준래,TVTCM27542,하절 여성 시어서커 폴로 반팔 티셔츠,M,2,사입,주식회사 태화에프앤티,베트남,2027-03-08,O,
김준래,TVTCM27562,하절 여성 CP소로나쿨 반팔 티셔츠,M,2,사입,장안어패럴,베트남,2027-03-22,O,
김준래,TVTCM27564,하절 여성 우븐 하이브리드 크롭 반팔 티셔츠,M,2,사입,주식회사 아이케이지,인도네시아,2027-03-22,X,
정영준,TVTCM27692,하절 여성 데이팩 반팔 티셔츠 (립),M,2,사입,주식회사 아이케이지,인도네시아,2027-01-14,X,3월4주
정영준,TVTCM27694,하절 여성 데이팩 후드 티셔츠,M,3,사입,주식회사 아이케이지,인도네시아,2027-01-14,O,3월4주
정영준,TVTCM27696,하절 여성 데이팩 베이직 원피스,M,3,사입,주식회사 아이케이지,인도네시아,2027-01-14,O,3월4주
정영준,TVTCM27698,하절 여성 데이팩 원피스,M,2,사입,주식회사 아이케이지,인도네시아,2027-01-14,O,3월4주
박술홍,TVTCM27712,여성 트레일러닝 흡습속건 라운드 반팔 티셔츠,M,2,사입,장안어패럴,베트남,2027-03-01,O,
박술홍,TVTCM27714,여성 트레일러닝 흡습속건 프린트 라운드 반팔 티셔츠,M,1,사입,장안어패럴,베트남,2027-03-01,O,
박술홍,TVTCM27722,여성 트레일러닝 자카드 라운드 슬리브리스,M,1,사입,장안어패럴,베트남,2027-03-01,O,
박술홍,TVTCM27724,여성 트레일러닝 저지 라운드 슬리브리스,M,1,사입,장안어패럴,베트남,2027-03-01,X,
문도혁,TVVAM27552,하절 여성 메쉬 하이브리드 베스트,M,2,사입,아이블에프앤씨,베트남,2027-01-21,X,
문도혁,TVVAM27562,하절 여성 경량 방풍 베스트,M,2,사입,아이블에프앤씨,베트남,2027-01-21,X,
