MD,DS,StyleCode,품명,시즌코드,컬러수,기획수량,생산형태,생산처,원산지,출고차순,출고일(주차),작지발행,납기1차(참고),컬러구성,사양확정,비수기,원가합,소매가합,원단처,겉감정보,안감정보,생산처_소재DB
신인철,안세진,8UJGX27101,[WM] 남녀공용 익스퍼트 스톰 3L 고어 재킷,X,1,0,완사입,기도,베트남,1차,1월3주,O,,BLK(BLACK),O,,34016700,99000000,GORE,GORE) bnSRP40AL/RGD-PX 3L,,기도
신인철,안세진,8UPNX27101,[WM] 남녀공용 익스퍼트 스톰 3L 고어 팬츠,X,1,0,완사입,기도,베트남,1차,1월3주,O,,BLK(BLACK),X,,14295580,44850000,GORE,GORE) bnSRP40AL/RGD-PX 3L,,기도
신인철,장지은,8UJJX27102,[WM] 남녀공용 프리마로프트 미드레이어 재킷,X,2,0,완사입,원전,베트남,1차,1월3주,O,,"DLM, BLK(BLACK)",X,,34084400,109200000,PERTEX / 라임,PERTEX) PS2270WNSA-NFC,,원전
신인철,안세진,8UJJX27101,[WM] 남녀공용 스톰 에센셜 3L 재킷,X,3,0,완사입,기도,베트남,1차,1월3주,O,,"LGY(L/GRAY), KHA(KHAKI), BLK(BLACK)",X,,74330850,236500000,신한,신한) SU107JE15Z,,기도
신인철,안세진,8UPNX27102,[WM] 남녀공용 스톰 에센셜 3L 팬츠,X,2,0,완사입,기도,베트남,1차,1월3주,O,,"KHA(KHAKI), BLK(BLACK)",X,,36809150,112000000,신한,신한) SU107JE15Z,,기도
신인철,장지은,8UJJS27105,[WM] 남녀공용 익스퍼트 어프로치 재킷,S,2,0,완사입,원전,베트남,1차,1월3주,O,,"DKH(D/KHAKI), CHA(CHARCOAL)",X,,40147059,136500000,신한,신한) DRWSP70,,원전
신인철,장지은,8UPNS27105,[WM] 남녀공용 익스퍼트 어프로치 팬츠,S,2,0,완사입,원전,베트남,1차,1월3주,O,,"DKH(D/KHAKI), CHA(CHARCOAL)",X,,31419850,101500000,신한,신한) DRWSP70,,원전
신인철,장지은,8UJJS27101,[WM] 남녀공용 익스퍼트 소프트쉘 재킷,S,1,0,완사입,원전,베트남,1차,1월3주,,,BLK(BLACK),,,0,0,,,,
신인철,장지은,8UPNS27102,[WM] 남녀공용 익스퍼트 소프트쉘 팬츠,S,2,0,완사입,원전,베트남,1차,1월3주,,,"DBE(DARK BEIGE), BLK(BLACK)",,,0,0,,,,
신인철,안세진,8UTBS27101,[WM] 남녀공용 익스퍼트 와플 후드티,S,3,0,완사입,주연,베트남,1차,1월3주,O,,"DLM, BLK(BLACK), KHA(KHAKI)",X,,18491120,58460000,주연,주연) JY25,,IKG
신인철,안세진,8UTBM27111,[WM] 남녀공용 UV CUT 익스퍼트 후드티,M,3,0,완사입,주연,국내,2차,4월2주,O,,"OWH, AQU(AQUA), BLK(BLACK)",X,,19205600,59200000,인터필,인터필) TI-263F,,주연
신인철,장지은,8UJJM27101,[WM] 남녀공용 다이아몬드 퓨즈 패커블 재킷,M,2,0,완사입,아이블,베트남,2차,4월2주,X,,"LGY(L/GRAY), BLK(BLACK)",X,,43884050,98000000,PERTEX,PERTEX) PRD811H-NFC,,아이블
신인철,안세진,8UTCM27111,[WM] 남녀공용 익스퍼트 반팔티,M,1,0,완사입,장안,베트남,2차,4월2주,O,,BLK(BLACK),X,,0,9800000,POLARTEC,POLARTEC) 8022(21082-1-2,,장안
신인철,안세진,8UPOM27101,[WM] 남녀공용 익스퍼트 라이트 숏츠,M,2,0,완사입,YIC,베트남,2차,4월2주,O,,"TNA, BLK(BLACK)",X,,14388000,34760000,플레이트,플레이트) DI-001C,,YIC
신인철,안세진,8GPFM27101,[WM] 남성 익스퍼트 레깅스,M,1,0,완사입,IKG,베트남,2차,4월2주,O,,BLK(BLACK),X,,3000000,9800000,IKG,IKG) 시장수배,,IKG
신인철,안세진,8GJJS27101,[WM] 남성 아웃포켓 피싱 재킷,S,2,0,완사입,YIC,베트남,1차,1월3주,O,,"KHA(KHAKI), BLK(BLACK)",X,,64250000,180000000,서진,서진) SUHW-NN500,,YIC
신인철,안세진,8GPNS27101,[WM] 남성 유틸리티 피싱 카고 팬츠,S,2,0,완사입,YIC,베트남,1차,1월3주,O,,"KHA(KHAKI), BLK(BLACK)",X,,34930000,87500000,서진,서진) SUHW-NN500,,YIC
신인철,장지은,8HJJS27102,[WM] 여성 아웃포켓 피싱 재킷,S,2,0,완사입,YIC,베트남,1차,1월3주,X,,"CAM(CAMEL), BLK(BLACK)",X,,56850000,180000000,서진,서진) SUHW-NN500,,YIC
신인철,장지은,8HPNS27102,[WM] 여성 유틸리티 피싱 카고 팬츠,S,2,0,완사입,YIC,베트남,1차,1월3주,X,,"CAM(CAMEL), BLK(BLACK)",X,,44500000,125000000,서진,서진) SUHW-NN500,,YIC
신인철,장지은,8UTBS27102,[WM] 남녀공용 프린트 긴팔티,S,3,0,완사입,주연,중국,1차,1월3주,O,,"IVO(IVORY), LGY(L/GRAY), BLK(BLACK)",X,,11507400,48600000,태진,태진) TJ-01445,,주연
신인철,장지은,8UJJS27102,[WM] 남녀공용 버그 메쉬 재킷,S,2,0,완사입,원전,베트남,1차,1월3주,O,,"TNA, BLK(BLACK)",X,,39819200,140000000,신한,신한) SV214MONO-1,,원전
신인철,안세진,8UTCM27101,[WM] 남녀공용 우븐 벤틸레이션 티셔츠,M,2,0,완사입,IKG,베트남,2차,1월3주,O,,"TNA, BLK(BLACK)",X,,10993250,32000000,플레이트,플레이트) DI-001C,,IKG
신인철,안세진,8UPNM27101,[WM] 남녀공용 우븐 벤틸레이션 팬츠,M,2,0,완사입,YIC,베트남,2차,4월2주,O,,"TNA, BLK(BLACK)",X,,19950000,57500000,플레이트,플레이트) DI-001C,,YIC
신인철,장지은,8UTBM27101,[WM] 남녀공용 메쉬 프린트 긴팔티,M,2,0,완사입,주연,국내,2차,4월2주,O,,"LGY(L/GRAY), BLK(BLACK)",X,,14170800,32400000,신원,신원) SWT-0572-1,,주연
신인철,장지은,8UPOM27102,[WM] 남녀공용 메쉬 벤틸 숏츠,M,1,0,완사입,TBO,베트남,2차,4월2주,X,,BLK(BLACK),X,,8010000,23700000,신원,신원) SWT-0572-1,,TBO
신인철,안세진,8USCM27101,[WM] 남녀공용 에어도트 피싱 셔츠,M,2,0,완사입,아이블,베트남,2차,4월2주,O,,"TNA, BLK(BLACK)",X,,25353600,56400000,밀리테크 / 타키사다나고야,"밀리테크) MT-3817CH-DTP
타키사다나고야) 1060201",,아이블
신인철,안세진,8GPOM27103,[WM] 남성 라이트 립스탑 숏츠,M,2,0,완사입,TBO,베트남,2차,4월2주,O,,"TBU, BLK(BLACK)",X,,14775000,39500000,플레이트,플레이트) PS-1426,,TBO
신인철,안세진/장지은,8HPOM27102,[WM] 여성 라이트 립스탑 숏츠,M,2,0,완사입,TBO,베트남,2차,4월2주,X,,"TBU, BLK(BLACK)",X,,14190000,41400000,플레이트,플레이트) PS-1426,,TBO
신인철,장지은,8HJJM27102,[WM] 여성 메쉬 크롭 재킷,M,2,0,완사입,원전,베트남,2차,4월2주,O,,"PIN, BLK(BLACK)",X,,64442700,203000000,소노,소노) 25SS-C-006,,원전
신인철,장지은,8UTCM27105,[WM] 공용 프린트 반팔티,M,3,0,완사입,주연,중국,2차,4월2주,O,,"OWH, AQU(AQUA), BLK(BLACK)",X,,9513420,36960000,태진,태진) TJ-01445,,주연
신인철,장지은,8HTCM27102,[WM] 여성 프린트 반팔티,M,3,0,완사입,주연,중국,2차,4월2주,O,,"OWH, PIN, BLK(BLACK)",X,,11279950,42900000,,,,
신인철,안세진,8UPOM27103,[WM] 남녀공용 피싱 카고 숏츠,M,2,0,완사입,YIC,베트남,2차,4월2주,O,,"BLK(BLACK), KHA(KHAKI)",X,,16900000,33600000,서진,서진) SUHW-NN500,,YIC
신인철,안세진,8NREX27101,[WM] 남녀공용 익스퍼트 고어 3L 캡,X,1,0,완사입,캐비야,국내,1차,1월3주,X,,BLK(BLACK),X,,3764706,12800000,,,,
신인철,장지은,8NREM27102,[WM] 남녀공용 유틸리티 메쉬 캡,M,3,0,완사입,캐비야,국내,2차,4월2주,X,,"BLK(BLACK), LGY(L/GRAY), TNA",X,,10000000,34000000,,,,
신인철,안세진,8NREX27103,[WM] 남녀공용 익스퍼트 베이직 3L 캡,X,2,0,완사입,캐비야,국내,1차,1월3주,X,,"BLK(BLACK), KHA(KHAKI)",X,,6470588,22000000,,,,
신인철,장지은,8NRES27104,[WM] 남녀공용 쉐이드 캠프 캡,S,2,0,완사입,피앤지,베트남,1차,1월3주,X,,"TNA, BLK(BLACK)",X,,5735294,19500000,,,,
신인철,장지은,8NREM27105,[WM] 남녀공용 라이트 쉘 캡,M,2,0,완사입,피앤지,베트남,2차,4월2주,X,,"BLK(BLACK), LGY(L/GRAY)",X,,4588235,15600000,,,,
신인철,장지은,8NRFS27101,[WM] 남녀공용 그리드 매쉬 햇,S,2,0,완사입,피앤지,베트남,1차,1월3주,X,,"BLK(BLACK), TNA",X,,6000000,20400000,,,,
신인철,장지은,8NRFS27102,[WM] 남녀공용 패커블 립스탑 햇,S,2,0,완사입,피앤지,베트남,1차,1월3주,X,,"TBU, BLK(BLACK)",X,,5735294,19500000,,,,
신인철,안세진,8NRFS27103,[WM] 남녀공용 쉐이드 버킷 햇,S,3,0,완사입,피앤지,베트남,1차,1월3주,X,,"KHA(KHAKI), BLK(BLACK), OWH",X,,13764706,46800000,,,,
신인철,안세진,8NBDX26301,[WM] 익스퍼트 X-PAC 사코슈백,X,1,0,완사입,신일,중국,1차,1월3주,,,BLK(BLACK),,,0,0,,,,
신인철,안세진,8NBDX27101,[WM] 익스퍼트 X-PAC 슬링백,X,1,0,완사입,신일,중국,1차,1월3주,X,,BLK(BLACK),X,,8735294,29700000,,,,
신인철,장지은,8NLAS27101,[WM] 남녀공용 프린트 양말,S,3,0,완사입,건우,국내,1차,1월3주,X,,"OWH, TNA, BLK(BLACK)",X,,2647059,9000000,,,,
신인철,안세진,8NHAS27101,[WM] 남녀공용 3지 익스퍼트 장갑,S,1,0,완사입,시즈,베트남,1차,1월3주,X,,BLK(BLACK),X,,2558824,8700000,,,,
신인철,장지은,8NHAM27102,[WM] 남녀공용 3지 라이트 익스퍼트 장갑,M,1,0,완사입,시즈,베트남,2차,4월2주,X,,BLK(BLACK),X,,3411765,11600000,,,,
신인철,장지은,8NAAM27101,[WM] 남녀공용 쿨 멀티 스카프,M,1,0,완사입,ING,베트남,2차,4월2주,X,,BLK(BLACK),X,,4264706,14500000,,,,
신인철,안세진,8NAAX27101,[WM] 남녀공용 X-PAC 피싱 타올,X,1,0,완사입,시즈,베트남,1차,1월3주,X,,BLK(BLACK),X,,2470588,8400000,,,,
신인철,장지은,8NHEM27101,[WM] 남녀공용 UV 피싱 암슬리브,M,2,0,완사입,시즈,베트남,2차,4월2주,X,,"OWH, BLK(BLACK)",X,,3752941,12760000,,,,
신인철,안세진,8UTCM27115,[WM] 남녀공용 AORI 그래픽 티셔츠,M,2,0,완사입,주연,국내,2차,4월2주,X,,"OWH, BLK(BLACK)",X,,8775000,35100000,,,,
신인철,안세진,8UTCM27113,[WM] 남녀공용 EGI 그래픽 티셔츠,M,3,0,완사입,주연,국내,2차,4월2주,X,,"MML, KHA(KHAKI), BLK(BLACK)",X,,10725000,42900000,,,,
신인철,안세진,8UTCM27117,[WM] 남녀공용 HOT SUMMER 그래픽 소로나 티셔츠,M,3,0,,,,2차,4월2주,,,"OWH, BLK(BLACK), TBU",,,52260000,241800000,,,,
신인철,안세진,8UTCM27119,[WM] 남녀공용 OCEAN BREEZE 그래픽 소로나 티셔츠,M,3,0,,,,2차,4월2주,,,"BLK(BLACK), OWH, DLM",,,48360000,241800000,,,,
신인철,안세진,8UTCM27121,[WM] 남녀공용 OCEAN ANGLERS 그래픽 소로나 티셔츠,M,3,0,,,,2차,4월2주,,,"BLK(BLACK), OWH, DLM",,,48360000,241800000,,,,
박술홍,강지은,QEREX27711,[TRAIL] 남녀공용 트레일러닝 메쉬 캠프캡,X,2,1200,완사입,피앤지,베트남,SM1,3월1주,O,,"DGY(D/GRAY), DBE(DARK BEIGE)",O,,16401600,78000000,,,,
박술홍,강지은,QEREX27721,[TRAIL] 남녀공용 트레일러닝 에어도트 볼캡,X,2,900,완사입,피앤지,베트남,SM1,3월1주,O,,"BLK(BLACK), IVO(IVORY)",O,,12301200,58500000,,,,
박술홍,강지은,QEBXX27711,[TRAIL] 남녀공용 트레일러닝 베스트 10L,X,2,1300,완사입,풍국산업,베트남,SM1,3월1주,O,,"BLK(BLACK), LSE",O,,76420500,286000000,,,,
박술홍,강지은,QEBXX27701,[TRAIL] 남녀공용 트레일러닝 베스트 5L,X,2,1200,완사입,풍국산업,베트남,SM1,3월1주,O,,"BLK(BLACK), IVO(IVORY)",O,,70542000,237600000,,,,
박술홍,강지은,QEBDX27731,[TRAIL] 남녀공용 트레일러닝 힙벨트,X,2,1600,완사입,풍국산업,베트남,SM1,3월1주,O,,BLK(BLACK),O,,24337400,88800000,,,,
박술홍,강지은,QEBDX27733,[TRAIL] 남녀공용 트레일러닝 퀴버백,X,1,500,완사입,풍국산업,베트남,SM1,3월1주,,,BLK(BLACK),,,9000000,30000000,,,,
박술홍,강지은,QEAAX27741,[TRAIL] 남녀공용 트레일러닝 스트레치 헤어밴드,X,3,1100,완사입,신기SB,국내,SM1,3월1주,X,3월1주,"BLK(BLACK), IVO(IVORY), LSE",X,,11550000,49500000,,,,
박술홍,강지은,QELAX27701,[TRAIL] 남녀공용 트레일러닝 크루 삭스,X,3,1600,완사입,크리스,국내,SM1,3월1주,X,,"LSE, IVO(IVORY), DGY(D/GRAY)",X,,5566400,40000000,,,,
박술홍,조은선,QEBXX27111,남녀공용 티어드롭형 AXIOM 10L,X,3,4300,완사입,인투잇플러스,중국,X,1월4주,X,1월4주,"DGY-1, COR(CORAL), GBR(G/BROWN)",X,,122369400,550400000,,,,
박술홍,조은선,QEBXX27121,남녀공용 티어드롭형 AXIOM 20L,X,3,4100,완사입,인투잇플러스,중국,X,1월4주,X,1월4주,"BLK(BLACK), DGR(D/GREEN), DYL(D/YELLOW)",X,,150884100,688800000,,,,
박술홍,조은선,QEBXX27123,남녀공용 롤탑형 AXIOM 25L(+7L),X,2,1600,완사입,인투잇플러스,중국,X,1월4주,X,1월4주,"AQU(AQUA), BGY-2",X,,72000000,316800000,,,,
박술홍,조은선,QEBXX27131,남녀공용 티어드롭형 AXIOM 30L,X,1,1000,완사입,인투잇플러스,중국,X,1월4주,X,1월4주,BLK(BLACK),X,,52738000,220000000,,,,
박술홍,조은선,QEBXX27141,남여공용 롤탑형 AXIOM 백패킹 백팩,X,1,1000,완사입,인투잇플러스,중국,X,1월4주,X,1월4주,OWH,X,,71579000,350000000,,,,
박술홍,조은선,QEBXX27511,남녀공용 스트링형 단거리 근교산행용 패커블 백팩 10L,X,2,2500,완사입,인투잇플러스,중국,,1월4주,X,,"CRE-1, DBU-2",X,,57500000,270000000,,,,
박술홍,조은선,QEBXX27513,남녀공용 티어드롭형 단거리 근교산행용 패커블 백팩 10L,X,2,2000,완사입,풍국산업,베트남,SPOT,1월4주,,,"CO1, CO2",,,46000000,216000000,,,,
박술홍,조은선,QEBDX27111,남녀공용 하이킹 슬링백,X,2,1800,완사입,인투잇플러스,중국,,1월4주,X,,"DGY-1, DGR(D/GREEN)",X,,30240000,158400000,,,,
박술홍,조은선,QEBDX27133,남녀공용 하이킹 미니 웨이스트백,X,2,1600,완사입,인투잇플러스,중국,,1월4주,X,1월4주,"AQU(AQUA), BGY-2",X,,17600000,88000000,,,,
박술홍,조은선,QEBDX27123,남녀공용 백패킹 사코슈백,X,2,1000,완사입,인투잇플러스,중국,,1월4주,X,,"CRE-1, DBU-2",X,,11000000,55000000,,,,
박술홍,조은선,QEBDX27137,남녀공용 하이킹 미니 파우치,X,3,3700,완사입,인투잇플러스,중국,,1월4주,X,1월4주,"DGY-1, DGR(D/GREEN), DYL(D/YELLOW)",X,,40700000,203500000,,,,
박술홍,조은선,QEBDX27135,남녀공용 백패킹 보틀 홀더,X,1,400,완사입,인투잇플러스,중국,,1월4주,X,1월4주,CRE-1,X,,4400000,22000000,,,,
박술홍,조은선,QEBDX27041,남녀공용 히어로 더플백 40L,X,1,440,완사입,풍국산업,베트남,,1월4주,O,1월4주,BLK(BLACK),O,,22000000,87120000,,,,
박술홍,조은선,QEBDX27091,남녀공용 히어로 더플백 120L,X,1,300,완사입,풍국산업,베트남,,1월4주,O,1월4주,BLK(BLACK),O,,25500000,87000000,,,,
박진아,조은선,QEHFX27101,남녀공용 모스드라이 하이킹 스트레치 장갑,X,3,5500,완사입,시즈글로벌,베트남,,1월4주,O,,"BLK(BLACK), LSL, VBU",X,,51066500,302500000,,,,
박진아,조은선,QEHFM27301,남녀공용 모스드라이 하이킹 스트레치 반장갑,M,3,4700,완사입,시즈글로벌,베트남,,2월4주,X,,"BLK(BLACK), VBU, GKH(G/KHAKI)",X,,47972900,235000000,,,,
박진아,조은선,QEHFM27305,남녀공용 모스드라이 하이킹 자외선 차단 반장갑,M,3,4500,완사입,시즈글로벌,베트남,,2월4주,X,,"DGY(D/GRAY), GMI(G/MINT), LGY(L/GRAY)",X,,34879500,202500000,,,,
박진아,조은선,QEHFX27103,남녀공용 에어도트 긴장갑,X,2,3000,완사입,시즈글로벌,베트남,,1월3주,,,"BLK(BLACK), KHA(KHAKI)",,,29130000,165000000,,,,
박진아,조은선,QEHFX27105,남녀공용 하이킹 메쉬 긴장갑,X,3,5100,완사입,시즈글로벌,베트남,,1월4주,,,"WGY, DGY(D/GRAY), LAV(LAVENDER)",,,56747700,280500000,,,,
최지희,강지은,QEREX27101,남녀공용 고어텍스 3L 볼캡,X,2,7000,CMT,캐비야,국내,SP1,1월3주,O,,"BLK(BLACK), GBU-1",O,,96761000,616000000,,,,
최지희,강지은,QEREX27111,남녀공용 고어텍스 2L 캠프캡,X,3,6000,CMT,캐비야,국내,SP1,1월3주,O,,"CRE-1, DGR(D/GREEN), DGY-1",O,,73590000,420000000,,,,
최지희,강지은,QERFX27101,남녀공용 고어텍스 버킷햇,X,3,10000,CMT,캐비야,국내,SP1,1월3주,O,,"CRE-1, LSL-1, BLK(BLACK)",O,,149010000,880000000,,,,
최지희,강지은,QERFX27111,남녀공용 고어텍스 브림햇,X,2,5500,CMT,캐비야,국내,SP1,1월3주,O,,"WGY, DGY-1",O,,102118500,484000000,,,,
최지희,강지은,QEREM27151,남녀공용 에어도트 볼캡,M,4,12000,완사입,캐비야,국내,SM2,3월2주,O,,"CRE(CREAM), KHA(KHAKI), BGY(B/GRAY), BLK(BLACK)",X,,150000000,720000000,,,,
최지희,강지은,QEREM27131,남녀공용 메쉬 우븐 배색 캠프캡,M,2,3000,완사입,캐비야,국내,SM2,3월2주,O,,"BLK(BLACK), WBE",X,,37044000,180000000,,,,
최지희,강지은,QEREM27311,남녀공용 BPL 폴더블 캡,M,2,900,완사입,PNG,베트남,SM2,3월4주,O,,"ABL(A/BLUE), BGY-2",X,,9960300,54000000,,,,
최지희,강지은,QEREM27301,남녀공용 BPL 프린트 폴더블 캡,M,1,500,완사입,PNG,베트남,SM2,3월4주,X,,GRY-1,X,,5533500,30000000,,,,
최지희,강지은,QEREX27401,남녀공용 면 트윌 볼캡,X,4,2600,완사입,PNG,베트남,SM2,3월4주,O,,"BLK(BLACK), PIS, LPI, WHX",O,,27739400,143000000,,,,
최지희,강지은,QEREM27171,남녀공용 애어도트 사하라캡,M,2,3500,완사입,PNG,베트남,,3월4주,O,,"BLK(BLACK), LGY(L/GRAY)",X,,55335000,273000000,,,,
최지희,강지은,QERHM27902,여성 UV CUT 썬바이저,M,2,7500,완사입,PNG,베트남,,3월4주,,,"BLK(BLACK), LPI",,,66750000,375000000,,,,
최지희,강지은,QERFX27141,남녀공용 경량 우븐 벤틸레이션 브림햇,X,2,5500,완사입,캐비야,국내,SM2,3월2주,O,,"DGY(D/GRAY), GBR(G/BROWN)",O,,90750000,429000000,,,,
최지희,강지은,QERFM27151,남녀공용 에어도트 버킷햇,M,2,3000,완사입,캐비야,국내,SM2,3월2주,O,,"BGY(B/GRAY), BLK(BLACK)",X,,41259000,210000000,,,,
최지희,강지은,QERFM27121,남녀공용 경량 메쉬 버킷햇,M,2,2000,완사입,캐비야,국내,SM2,3월2주,O,,"BLK(BLACK), WBE",X,,28936000,140000000,,,,
최지희,강지은,QERFM27501,남녀공용 데이팩 버킷햇,M,3,6000,완사입,캐비야,국내,,3월4주,O,,"GRI(GREIGE), LKH, BLK(BLACK)",O,,78000000,420000000,,,,
최지희,강지은,QERFM27402,여성 롱와이드 버킷햇,M,2,1100,완사입,,국내,SM2,3월2주,X,,"CPI(C/PINK), PYL",X,,15914800,77000000,,,,
최지희,강지은,QERFM27401,남녀공용 시어서커 버킷햇,M,2,1600,완사입,캐비야,국내,SM2,3월2주,O,,"BLK(BLACK), LBL(L/BLUE)",X,,23148800,112000000,,,,
최지희,강지은,QERFM27171,남녀공용 사하라 버킷햇,M,1,1500,완사입,PNG,베트남,,3월4주,,,WGY,,,28906500,132000000,,,,
최지희,조은선,QEBDX27691,남녀공용 데이팩 토트백,X,2,900,완사입,인투잇플러스,중국,,3월4주,X,,"BLK(BLACK), LGI(L/GREIGE)",X,,14400000,70200000,,,,
최지희,조은선,QEBXX27691,남녀공용 데이팩 백팩,X,1,800,완사입,인투잇플러스,중국,,3월4주,X,,BLK(BLACK),X,,22800000,102400000,,,,
최지희,조은선,QEBDX27501,남녀공용 에브리데이 토트백,X,2,800,완사입,인투잇플러스,중국,,1월3주,X,,"BLK(BLACK), MUD",X,,23200000,118400000,,,,
최지희,조은선,QEBXX27501,남녀공용 에브리데이 백팩 (15L),X,2,800,완사입,인투잇플러스,중국,,1월3주,X,,"BLK(BLACK), MUD",X,,25600000,134400000,,,,
최지희,조은선,QEBDX27511,남녀공용 에브리데이 슬링백 (3L),X,2,1300,완사입,인투잇플러스,중국,,1월3주,X,,"BLK(BLACK), MUD",X,,21450000,114400000,,,,
최지희,조은선,QEBDX27513,남녀공용 에브리데이 슬링백 (3L),X,2,8000,완사입,인투잇플러스,중국,,1월3주,X,,"BLK(BLACK), BGY-1",X,,156000000,704000000,,,,
최지희,강지은,QELAX27111,남녀공용 메리노울 하이킹 크루 삭스,X,2,1000,완사입,크리스,국내,,1월3주,X,,"LBE(L/BEIGE), LGY(L/GRAY)",X,,3997000,30000000,,,,
최지희,강지은,QELAX27121,남녀공용 메리노울 하이킹 컴프레션 크루 삭스,X,3,4000,완사입,크리스,국내,,1월3주,X,,"DGY(D/GRAY), GBU(G/BLUE), DGR(D/GREEN)",X,,13720000,120000000,,,,
최지희,강지은,QELAX27141,남녀공용 하이킹 딥다잉 컴프레션 크루 삭스,X,2,1600,완사입,크리스,국내,,1월3주,X,,"AQU(AQUA), CPI(C/PINK)",X,,5488000,48000000,,,,
최지희,강지은,QELAX27131,남녀공용 메리노울 컴프레션 크루 삭스,X,3,1500,완사입,크리스,국내,,1월3주,X,,"LML, LIL(LILAC), MUS",X,,5940000,37500000,,,,
최지희,강지은,QELAX27501,남녀공용 바이오맥스 니삭스,X,2,2000,완사입,건우,국내,,1월3주,X,,"BLK(BLACK), OWH",X,,7714000,50000000,,,,
최지희,강지은,QELAX27511,남녀공용 그래픽 크루 삭스,X,3,4700,완사입,건우,국내,,2월4주,X,,"DNA(D/NAVY), DMI(D/MINT), GBR(G/BROWN)",X,,15792000,94000000,,,,
최지희,강지은,QELAX27521,남녀공용 레트로 크루 삭스,X,3,6000,완사입,건우,국내,,2월4주,X,,"BLK(BLACK), ORA, NAY",X,,18972000,120000000,,,,
최지희,강지은,QELAX27571,남녀공용 레터링 크루 삭스,X,2,4500,완사입,범창,국내,,2월4주,X,,"LBE(L/BEIGE), WHX",X,,14229000,90000000,,,,
최지희,강지은,QELAX27531,남녀공용 에센셜 크루 삭스,X,2,4000,완사입,범창,국내,,2월4주,X,,"BLK(BLACK), OWH",X,,10400000,64000000,,,,
최지희,강지은,QELAX27561,남녀공용 상록수 그래픽 크루 삭스,X,2,3500,완사입,범창,국내,,2월4주,X,,"BLK(BLACK), OWH",X,,9800000,56000000,,,,
최지희,강지은,QELAX27541,남녀공용 베이직 앵클 삭스,X,4,7000,완사입,건우,국내,,2월4주,X,,"WHX, GBR(G/BROWN), GMI(G/MINT), BLK(BLACK)",X,,19600000,91000000,,,,
최지희,강지은,QELAX27551,남녀공용 에센셜 쿠셔닝 인비저블 삭스 3PACK,X,3,4500,완사입,범창,국내,,2월4주,X,,"OWH, BLK(BLACK), OTX",X,,29700000,135000000,,,,
최지희,조은선,QEAAM27301,남녀공용 에어도트 사하라 쉐이드,M,1,500,완사입,PNG,베트남,,3월4주,X,,BLK(BLACK),X,,3130000,15000000,,,,
최지희,조은선,QEAAM27303,남녀공용 메쉬 프린트 사하라 쉐이드,M,1,300,완사입,PNG,베트남,,3월4주,X,,GRY-1,X,,3078600,12000000,,,,
최지희,조은선,QEAKX27101,남녀공용 심리스 멀티 스카프,X,2,2000,완사입,아이앤지,한국,,3월2주,X,,"BLK(BLACK), GBR(G/BROWN)",X,,8800000,60000000,,,,
최지희,조은선,QEAKX27111,남녀공용 그래픽 스카프,X,2,1400,완사입,아이앤지,한국,,2월4주,X,,"AQU(AQUA), GRY(GRAY)",X,,4393200,28000000,,,,
최지희,조은선,QEAKM27103,남녀공용 봉제형 이어 멀티 쿨 마스크,M,3,9900,완사입,아이앤지,한국,,3월4주,X,,"BLK(BLACK), WHX, LGY(L/GRAY)",X,,69300000,396000000,,,,
최지희,조은선,QEAAX27111,남녀공용 그래픽 반다나,X,4,7000,완사입,아이앤지,한국,,2월4주,X,,"KHA(KHAKI), MUS, LIM, DLI",X,,25998000,112000000,,,,
최지희,조은선,QEHEM27103,남녀공용 모스드라이 심리스 팔토시,M,2,10500,완사입,아이앤지,중국,,3월4주,X,,"BLK(BLACK), WHX",X,,65992500,315000000,,,,
최지희,조은선,QEHEM27105,남녀공용 모스드라이 손등 팔토시,M,2,5000,완사입,아이앤지,베트남,,3월4주,X,,"WHX, BLK(BLACK)",X,,33210000,175000000,,,,
최지희,,JKICX27902,유통특화_여성 냉감 브래지어,X,2,2000,완사입,,,,2월4주,,,"BLK(BLACK), SBE",,,30000000,120000000,,,,
최지희,,JKIBX27902,유통특화_여성 냉감 브리프,X,2,2000,완사입,,,,2월4주,,,"BLK(BLACK), SBE",,,13000000,70000000,,,,
최지희,,JKICX27102,여성 하이브리드 냉감 터틀넥 티셔츠,X,2,3500,완사입,,,,2월4주,,,"CO1, CO2",,,57974000,273000000,,,,
최지희,,JKICX27112,여성 냉감 슬리브리스,X,2,2000,완사입,,,,2월4주,,,"CO1, CO2",,,24000000,110000000,,,,
최지희,,JKICX27122,여성 하이킹 브라탑,X,2,1500,완사입,,,,2월4주,,,"CO1, CO2",,,26250000,117000000,,,,
최지희,,JWICX27101,남성 하이브리드 냉감 라운드넥 티셔츠,X,2,3000,완사입,,,,2월4주,,,"CO1, CO2",,,51000000,234000000,,,,
최지희,,JWICX27111,남성 냉감 슬리브리스 (SET UP),X,2,4000,완사입,,,,2월4주,,,"DGY-1, BGY(B/GRAY)",,,44908000,220000000,,,,
최지희,,JWIBX27111,남성 냉감 인밴드 드로즈 (SET UP),X,2,4000,완사입,,,,2월4주,,,"DGY-1, BGY(B/GRAY)",,,38084000,160000000,,,,
최지희,,JWIBX27101,남성 냉감 아웃밴드 드로즈,X,2,3000,완사입,,,,2월4주,,,"DGY-1, DBU-1",,,31680000,135000000,,,,
최지희,,JWIBX27131,남성 메쉬 아웃밴드 드로즈,X,2,2000,완사입,,,,2월4주,,,CO1,,,22000000,110000000,,,,
이재헌,정은진,JWJJS27131,남성 OCTA 인슐레이션 재킷,S,2,2500,완사입,원전,인도네시아,,1월3주,X,,"DGY(D/GRAY), BLK(BLACK)",X,,151025000,725000000,SPM,SPM) DT-20 CRP CR,SPM) OT-A1,원전
이재헌,정은진,JWJJS27135,남성 WIGO 방풍 재킷 (SET UP),S,2,2200,완사입,원전,인도네시아,,2월1주,O,,"KHA(KHAKI), BLK(BLACK)",X,,169224000,704000000,신한,신한) SH-TP7204,,원전
이재헌,정은진,JWJGS27101,남성 윈드체이서 고어텍스 후드 방수 재킷,S,3,2500,CMT,포마트,베트남,SP1,2월1주,X,,"GBR(G/BROWN), DGY(D/GRAY), DGR(D/GREEN)",X,,273335000,1125000000,GORE / 밀리테크,GORE) BNRSPL75ES-PX 2L,밀리테크) MT-3817CH,포마트
이재헌,정은진,JWJGS27103,남성 고어텍스 후드 디테쳐블 방수 재킷,S,3,7640,CMT,기도,미얀마,SP1,2월1주,O,,"GBE(G/BEIGE), DBU(D/BLUE), BLK(BLACK)",X,,753495000,2979600000,GORE / 밀리테크,GORE) BNRSPL75ES-PX 2L,밀리테크) MT-3817CH,기도
이재헌,정은진,JWJWS27105,남성 고어윈드스토퍼 인후드 재킷,S,3,7000,CMT,원전,인도네시아,SP1,2월1주,O,,"KHA(KHAKI), GBU(G/BLUE), BLK(BLACK)",X,,566366500,2240000000,GORE / 케이글로벌,GORE) bnrSPL50NJ/SJ-PG 3L,,원전
이재헌,정은진,JKJGS27102,여성 윈드체이서 고어텍스 후드 방수 재킷,S,3,2500,CMT,포마트,베트남,SP1,2월1주,X,,"CRE(CREAM), GRE(GREEN), PUR",X,,248750000,1125000000,GORE / 밀리테크,GORE) BNRSPL75ES-PX 2L,밀리테크) MT-3817CH,포마트
이재헌,정은진,JKJGS27104,여성 고어텍스 후드 디테쳐블 방수 재킷,S,3,7000,CMT,기도,미얀마,SP1,2월1주,O,,"WBE, DLI, BLK(BLACK)",X,,624813000,2730000000,GORE / 밀리테크,GORE) BNRSPL75ES-PX 2L,밀리테크) MT-3817CH,기도
이재헌,정은진,JKJWS27106,여성 고어윈드스토퍼 후드 디테쳐블 재킷,S,3,4000,CMT,원전,인도네시아,SP1,2월1주,O,,"WBE, PUR, BLK(BLACK)",X,,282392800,1280000000,GORE / 케이글로벌,GORE) bnrSPL50NJ/SJ-PG 3L,,원전
이재헌,정은진,JWJJS27109,남녀공용 우의,S,2,1000,완사입,기도,베트남,SM2,4월1주,X,,"MIN, GNA(G/NAVY)",X,,65000000,250000000,,,,
이재헌,정은진,JWJJM27141,남성 소프트쉘 재킷 (SET UP),M,2,1600,완사입,원전,인도네시아,,3월1주,X,,"BGY(B/GRAY), BLK(BLACK)",X,,92974400,432000000,플레이트,플레이트) DI-001C,,원전
이재헌,정은진,JWJJM27151,남성 윈드케이 경량 방풍 재킷,M,3,13500,완사입,아이블,베트남,,3월2주,O,,"WGY, BLK(BLACK), DMI(D/MINT)",X,O,628464000,2403000000,BROLIN,BROLIN) BL-SS23SN1018,,아이블
이재헌,정은진,JWJJM27155,남성 고강력사 방풍 재킷,M,2,3200,완사입,원전,인도네시아,,3월2주,X,,"DOC(D/OCEAN), BLK(BLACK)",X,,192000000,928000000,프라미스,프라미스) PM-7273,,원전
이재헌,정은진,JWJJM27171,남성 제노아 경량 인후드 방풍 재킷,M,4,27500,CMT,원전,인도네시아,,3월1주,O,,"WGY, KHA(KHAKI), DNA(D/NAVY), DOC(D/OCEAN)",X,O,1237500000,5445000000,SPM,SPM) WST-20SR,,원전
이재헌,정은진,JWJJM27165,남성 트레이닝 재킷 (SET UP),M,2,16000,완사입,기도,베트남,,3월4주,X,,"BLK(BLACK), DGY(D/GRAY)",X,,448000000,2688000000,,,,
이재헌,엄창용,JWVAS27131,남성 OCTA 인슐레이션 베스트,S,2,1200,완사입,원전,인도네시아,,1월3주,O,,"BLK(BLACK), GRY(GRAY)",X,,51517200,264000000,SPM,SPM) DT-20 CRP CR,SPM) OT-A1,원전
이재헌,정은진,JWVAS27109,남성 유틸리티 스탠드넥 베스트,S,1,1500,완사입,아이블,베트남,SM2,4월1주,O,,KHA(KHAKI),X,,80445000,330000000,P&T,P&T) PNT-00215-WL,,아이블
이재헌,정은진,JWVAS27907,유통특화_남성 유틸리티 V넥 베스트,S,1,2000,완사입,아이블,베트남,SM2,4월1주,O,,BLK(BLACK),X,,99288000,396000000,P&T,P&T) PNT-00215-WL,,아이블
이재헌,엄창용,JWVAM27101,남성 에센셜 경량 베스트,M,3,7000,CMT,아이블,베트남,,3월2주,O,,"WBE, DBU(D/BLUE), DGY(D/GRAY)",X,O,214991000,1036000000,SPM,SPM) WST-20SR,,아이블
이재헌,엄창용,JWTBS27111,남성 하이브리드 긴팔 집업 티셔츠,S,2,3000,완사입,IKG,인도네시아,,1월3주,O,,"BLK(BLACK), GBU(G/BLUE)",X,,79905000,444000000,SPM / BK,SPM) SMART SSO _OK,,IKG
이재헌,엄창용,JWTBS27113,남성 ClearDry 긴팔 라운드 티셔츠,S,2,2000,완사입,IKG,인도네시아,,1월3주,O,,"GRY(GRAY), DGR(D/GREEN)",X,,53650000,256000000,SK패션,SK패션) SK26-6002-RV,,IKG
이재헌,엄창용,JWTBS27115,남성 ClearDry 긴팔 집업 티셔츠,S,2,2000,완사입,IKG,인도네시아,,1월3주,O,,"DGY(D/GRAY), WBE",X,,58964800,276000000,SK패션,SK패션) SK26-6002-RV,,IKG
이재헌,엄창용,JWTBS27117,남성 퀵드라이 바라클라바 긴팔 후드 티셔츠,S,2,1000,완사입,IKG,인도네시아,,1월4주,O,,"GRY(GRAY), GBR(G/BROWN)",X,,34655000,168000000,SPM,SPM) SMART SSO _OK,,IKG
이재헌,엄창용,JWTBS27119,남성 자가드 긴팔 집업 티셔츠,S,2,2000,완사입,장안,베트남,,1월4주,O,,"BLK(BLACK), KHA(KHAKI)",X,,66580000,316000000,글로벌B&G,글로벌B&G) GB26T-LIK0003,,장안
이재헌,정은진,JWTBS27101,남성 베이직 긴팔 집업 티셔츠,S,3,4500,완사입,태화,베트남,SM2,4월1주,X,,"DGR(D/GREEN), GBU(G/BLUE), DML(D/MELAN)",X,,103500000,531000000,,,,
이재헌,정은진,JWTBS27103,남성 베이직 긴팔 라운드 티셔츠,S,2,2000,완사입,IKG,인도네시아,SM2,4월1주,X,,"OWH, DML(D/MELAN)",X,,42000000,216000000,,,,
이재헌,엄창용,JWTBM27127,남성 솔솔 MossDry 베이직 긴팔 집업 티셔츠,M,3,12000,완사입,태화,베트남,,2월4주,X,44511,"DOC(D/OCEAN), DGY(D/GRAY), DNA(D/NAVY)",X,,216000000,1416000000,,,,
이재헌,엄창용,JWTBM27125,남성 우븐 하프집업 티셔츠 (타공 디테일),M,2,1200,완사입,IKG,인도네시아,,2월4주,O,44511,"WGY, BLK(BLACK)",X,,44798400,201600000,글로벌B&G,글로벌B&G) GB25T-STK0297,,IKG
이재헌,엄창용,JWTCM27151,남성 소로나 메쉬 반팔 집업 티셔츠,M,2,3000,완사입,IKG,인도네시아,,3월3주,O,44511,"BLK(BLACK), WGY",X,,56277000,354000000,SK패션,SK패션) SK25-9182-YC,,IKG
이재헌,엄창용,JWTCM27153,남성 메쉬 하이브리드 반팔 라운드 티셔츠,M,2,2800,완사입,장안,베트남,,3월4주,X,44511,"BLK(BLACK), CRE(CREAM)",X,,50372000,274400000,SPM,SPM) CC-DRY F,,장안
이재헌,엄창용,JWTCM27157,남성 솔솔 MossDry 베이직 반팔 집업 티셔츠,M,4,15000,완사입,태화,베트남,,3월2주,X,44511,"DGY(D/GRAY), DBU(D/BLUE), DMI(D/MINT), WGY",X,,255000000,1620000000,,,,
이재헌,엄창용,JWTCM27159,남성 솔솔 MossDry 베이직 반팔 라운드 티셔츠,M,4,23000,완사입,TESSELLATION,베트남,,3월2주,X,44511,"BLK(BLACK), IVO(IVORY), DGR(D/GREEN), DNA(D/NAVY)",X,,230000000,1564000000,,,,
이재헌,엄창용,JWTBM27167,남성 솔솔 MossDry 소매 하이브리드 긴팔 집업 티셔츠,M,2,6000,완사입,태화,베트남,,3월2주,O,,"DBU(D/BLUE), DMI(D/MINT)",X,,133728000,888000000,태화,태화) THC-2096,,태화
이재헌,엄창용,JWTBM27181,남녀공용 솔솔 에어도트 하이브리드 긴팔 티셔츠,M,2,1400,완사입,장안,베트남,,3월2주,X,,"WBE, BLK(BLACK)",X,,49487200,221200000,L&S / 대웅,L&S) DA4288SYWR,,장안
이재헌,엄창용,JWTCM27183,남성 솔솔 에어도트 반팔 폴로 티셔츠,M,2,14000,완사입,장안,베트남,,3월4주,X,,"BLK(BLACK), BGY(B/GRAY)",X,,294532000,1792000000,대웅,대웅) DWT-2982,,장안
이재헌,엄창용,JWTCM27185,남성 솔솔 에어도트 반팔 라운드 티셔츠,M,2,4000,완사입,태화,베트남,,3월4주,X,,"BLK(BLACK), BGY(B/GRAY)",X,,102236000,512000000,대웅,대웅) DWT-2982,,태화
이재헌,엄창용,JWTCM27187,남성 솔솔 에어도트 반집업 반팔 티셔츠,M,2,5000,완사입,태화,베트남,,3월4주,X,,"BLK(BLACK), KHA(KHAKI)",X,,119830000,690000000,대웅,대웅) DWT-2982,,태화
이재헌,엄창용,JWTCM27191,남성 슬리브리스,M,2,1000,완사입,장안,베트남,,4월1주,O,,"BLK(BLACK), KHA(KHAKI)",X,,20952000,78000000,SPM,SPM) AIRON,,장안
이재헌,엄창용,JWTCM27131,남녀공용 소로나 릴렉스핏 그래픽 티셔츠,M,3,35000,완사입,IKG,인도네시아,,3월4주,X,3월4주,"OWH, DMI(D/MINT), BLK(BLACK)",X,,527730000,3080000000,수텍스,수텍스) SJS-23-1568,,IKG
이재헌,조이슬,JWTCM27133,남녀공용 에어론 릴렉스핏 그래픽 티셔츠,M,2,3500,완사입,IKG,인도네시아,,3월4주,O,3월4주,"CRE(CREAM), GBR(G/BROWN)",X,,60399500,308000000,SPM,SPM) AIRON,,IKG
이재헌,엄창용,JWTCM27135,남녀공용 소로나 오버핏 그래픽 티셔츠,M,2,3000,완사입,IKG,인도네시아,,3월4주,X,3월4주,"BLK(BLACK), BGY(B/GRAY)",X,,43143000,264000000,수텍스,수텍스) SJS-23-1568,,IKG
이재헌,조이슬,JWTCM27137,남녀공용 소로나쿨(CP) 릴렉스핏 그래픽 티셔츠,M,2,2000,완사입,IKG,인도네시아,,3월4주,O,3월4주,"OWH, BLK(BLACK)",X,,36166000,176000000,SPM,SPM) SR-COOL PL,,IKG
박지인,이다영,JWJJM27301,남녀공용 커버업 방수 재킷,M,1,400,완사입,포마트,베트남,SM2,3월4주,O,3월4주,NAY,X,,39419200,180000000,신한,신한) AL24E25,,포마트
박지인,이다영,JWJJM27373,남성 에그라이트 방수 재킷,M,2,2400,CMT,포마트,베트남,SM2,3월4주,O,3월4주,"SGY, BGY-2",X,,190140000,840000000,신한,신한) WOA13JEC10F,,포마트
박지인,이다영,JWJJM27371,남성 에그라이트 방풍 재킷,M,3,3500,CMT,포마트,베트남,SM2,3월4주,O,3월4주,"IVO(IVORY), BGY-1, BLK(BLACK)",X,,166491500,770000000,SPM,SPM) DT-LOKU,,포마트
박지인,이다영,JWJJM27375,남성 에그라이트 스탠드넥 방풍 재킷,M,2,3500,CMT,포마트,베트남,SM2,3월4주,O,3월4주,"DBE-1, NAY-1",X,,154192500,693000000,SPM,SPM) DT-LOKU,,포마트
박지인,이다영,JWVAM27371,남성 에그라이트 스탠드넥 베스트,M,2,1400,CMT,포마트,베트남,SM2,3월4주,O,3월4주,"DBE-1, NAY-1",X,,43400000,207200000,SPM,SPM) DT-LOKU,,포마트
박지인,이다영,JWTBM27301,남성 썬 후디 긴팔 티셔츠,M,2,1600,완사입,장안,베트남,SM2,3월4주,O,3월4주,"ABL(A/BLUE), SGY",X,,57788800,252800000,SPM,SPM) CC-DRY F,,장안
박지인,이다영,JWTBM27311,남성 패커블 그래픽 긴팔 티셔츠,M,2,1200,완사입,IKG,인도네시아,SM2,3월4주,O,3월4주,"BGY-2, BLK(BLACK)",X,,31116000,153600000,SOLT / 신원,SOLT) ST-JH-7616,,IKG
박지인,이다영,JWTCM27321,남녀공용 패커블 반팔 티셔츠,M,2,1800,완사입,IKG,인도네시아,SM2,3월4주,O,3월4주,"LIM, IVO(IVORY)",X,,30929400,176400000,SPM / 신원,SPM) CC-DRY F,,IKG
박지인,이다영,JWVAM27301,남녀공용 알파다이렉트 베스트,M,1,850,완사입,IKG,인도네시아,SM2,1월3주,O,1월3주,SGY,X,,34453050,142800000,POLARTEC / 신원,POLARTEC) 4004,,IKG
박지인,이다영,JWJJM27351,남녀공용 그래픽 매쉬 재킷,M,2,1800,CMT,포마트,베트남,SM2,4월2주,O,4월2주,"GRY-1, BLK(BLACK)",X,,86045400,396000000,MOVE,MOVE) N434 (SI,,포마트
박지인,이다영,JWTBM27351,남녀공용 그래픽 매쉬 긴팔 티셔츠,M,2,950,CMT,호전실업,베트남,SM2,4월2주,O,4월2주,"GRY-1, BLK(BLACK)",X,,35150000,140600000,MOVE,MOVE) N434 (SI,,호전
박지인,이다영,JWPNM27351,남녀공용 메쉬 디테처블 팬츠,M,1,800,CMT,거림,베트남,SM2,4월2주,X,4월2주,BLK(BLACK),X,,28512000,126400000,화니GC / MOVE,화니GC) W72228CN,,거림
박지인,이다영,JKJJM27374,여성 에그라이트 방수 재킷,M,2,1800,CMT,포마트,베트남,SM2,3월4주,O,3월4주,"LLI, BLK(BLACK)",X,,118872000,630000000,신한,신한) WOA13JEC10F,,포마트
박지인,이다영,JKJJM27372,여성 에그라이트 방풍 재킷,M,3,4000,CMT,포마트,베트남,SM2,3월4주,O,3월4주,"CRE-1, AQU(AQUA), BLK(BLACK)",X,,173964000,880000000,SPM,SPM) DT-LOKU,,포마트
박지인,이다영,JKJJM27376,여성 에그라이트 스탠드넥 방풍 재킷,M,2,3000,CMT,포마트,베트남,SM2,3월4주,O,3월4주,"LBE(L/BEIGE), LBL(L/BLUE)",X,,119295000,594000000,SPM,SPM) DT-LOKU,,포마트
박지인,이다영,JKVAM27372,여성 에그라이트 후드형 베스트,M,2,2000,CMT,포마트,베트남,SM2,3월4주,O,3월4주,"CRE-1, BLK(BLACK)",X,,58488000,296000000,SPM,SPM) DT-LOKU,,포마트
박지인,이다영,JKTBM27302,여성 썬 후디 긴팔 티셔츠,M,2,1600,완사입,장안,베트남,SM2,3월4주,O,3월4주,"ABL(A/BLUE), SGY",X,,51097600,252800000,SPM,SPM) CC-DRY F,,장안
박지인,이다영,JKTBM27312,여성 패커블 그래픽 긴팔 티셔츠,M,2,1200,완사입,IKG,인도네시아,SM2,3월4주,O,3월4주,"BLK(BLACK), CRE-1",X,,29907600,153600000,SOLT / 신원,SOLT) ST-JH-7616,,IKG
박지인,이다영,JKTCM27312,여성 슬리브리스,M,2,1200,완사입,장안,베트남,SM2,3월4주,O,3월4주,"IVO(IVORY), BLK(BLACK)",X,,15933600,81600000,MOVE / 신원,MOVE) MVK-1064,,장안
박지인,이다영,JKPOM27312,여성 5부 레깅스,M,1,800,완사입,태화,베트남,SM2,3월4주,O,3월4주,BLK(BLACK),X,,23959200,94400000,ECLAT,ECLAT) RT1706334,,태화
박지인,정은진,JKJJS27132,춘절 여성 OCTA 인슐레이션 재킷,S,2,2000,완사입,원전,,,1월3주,X,1월3주,"BLK(BLACK), VBU-1",X,,114028000,540000000,SPM,SPM) DT-20 CRP CR,SPM) OT-A1,원전
박지인,정은진,JKJJS27136,춘절 여성 Wigo 방풍 재킷 (SET UP),S,1,800,완사입,원전,,,2월1주,X,2월1주,BLK(BLACK),X,,53180800,256000000,신한,신한) SH-TP7204,,원전
박지인,이민선,TVJJS27512,춘절 여성 중기장 방풍 재킷,S,2,3000,완사입,아이블,,,1월3주,,1월3주,"WBE, CIN(CINDER)",,,165927000,810000000,,,,
박지인,이민선,TVJJM27542,하절 여성 중기장 오버사이즈 재킷,M,2,3000,완사입,원전,,,2월4주,,2월4주,CO1,,,120000000,594000000,,,,
박지인,조이슬,JKJJM27124,하절 여성 자카드 풀집업 자켓,M,2,3000,완사입,IKG,인도네시아,,2월4주,O,2월4주,"CRE(CREAM), LSL",X,,105000000,564000000,글로벌B&G,글로벌B&G) GB26T-LIK0001,,IKG
박지인,정은진,JKJJM27142,하절 여성 소프트쉘 재킷 (SET UP),M,2,1800,완사입,원전,,,3월1주,X,3월1주,"BLK(BLACK), WBE",X,,95065200,450000000,플레이트,플레이트) DI-001C,,원전
박지인,정은진,JKJJM27172,하절 여성 제노아 경량 인후드 방풍 재킷,M,4,15000,CMT,원전,,,3월1주,O,3월1주,"MIN, CRE(CREAM), LSL, WBE",X,O,569850000,2970000000,SPM,SPM) WST-20SR,,원전
박지인,정은진,JKJJM27182,하절 여성 제노아 스트레치 중기장 인후드 재킷,M,3,6500,CMT,원전,,,3월1주,X,3월1주,"GRI(GREIGE), LIL(LILAC), NAY-1",X,,292500000,1430000000,,,,
박지인,정은진,JKJJM27152,하절 여성 경량 윈드케이 방풍 재킷,M,3,9000,CMT,아이블,,,3월2주,O,3월2주,"CRE(CREAM), LIL(LILAC), BLK(BLACK)",X,O,454095500,1602000000,BROLIN,BROLIN) BL-SS23SN1018,,아이블
박지인,정은진,JKJJM27156,하절 여성 고강력사 방풍 재킷,M,2,2200,완사입,원전,,,3월2주,X,3월2주,"BLK(BLACK), DMI(D/MINT)",X,,123200000,594000000,프라미스,프라미스) PM-7273,,원전
박지인,정은진,JKJJM27162,하절 여성 윈드 후드 재킷,M,2,2000,완사입,아이블,,,3월2주,X,3월2주,"BLK(BLACK), WBE",X,,82986000,396000000,화니GC,화니GC) THIN SUN,,아이블
박지인,조이슬,JKVAS27132,춘절 여성 OCTA 인슐레이션 베스트,S,2,1000,완사입,원전,,,1월3주,O,1월3주,"BLK(BLACK), WBE",X,,38169000,198000000,SPM,SPM) DT-20 CRP CR,SPM) OT-A1,원전
박지인,조이슬,JKVAM27102,하절 여성 에센셜 경량 베스트,M,3,5500,CMT,아이블,,,3월2주,O,3월2주,"BLK(BLACK), LIL(LILAC), CRE(CREAM)",X,O,184420500,869000000,SPM,SPM) WST-20SR,,아이블
최진민,강기환,JWJGS27001,히어로 남성 고어텍스 3L PRO 재킷,S,2,250,완사입,포마트,베트남,S1,1월2주,O,,"GBU(G/BLUE), DGY-1",X,,68675250,247500000,GORE,GORE) bnrSPL80GC/RGD-PX3LPRO,,포마트
최진민,강기환,JWJJS27011,히어로 남성 프리마로프트 HEAVY 인슐레이션 재킷,S,2,2350,완사입,원전,인도네시아,S1,1월2주,O,,"GRY-1, BLK(BLACK)",X,,215013250,916500000,SPM / 원창,SPM) ZX-20M SC,원창) YO201293(NY10D,원전
최진민,강기환,JWJJS27015,히어로 남성 프리마로프트 LIGHT 인슐레이션 재킷,S,2,2250,완사입,원전,인도네시아,S1,1월2주,O,,"DBU(D/BLUE), BLK(BLACK)",X,,186752250,787500000,L&S / 케이글로벌 / 원창,L&S) ST0452TSPDWR-NF,원창) YO201293(NY10D,원전
최진민,김지원,JWJJS27021,히어로 남성 스톰플리스 프로 LIGHT 소프트쉘 재킷,S,2,3000,완사입,원전,인도네시아,S1,1월2주,O,,"DBU(D/BLUE), BLK(BLACK)",X,,199377000,960000000,글로벌B&G,글로벌B&G) SINGTEX) SW-70213CO,,원전
최진민,강기환,JWJJS27031,히어로 남성 옥타 플리스 재킷,S,2,650,완사입,태화,베트남,S1,1월4주,O,,"GBU(G/BLUE), BLK(BLACK)",X,,36090600,188500000,SPM,SPM) E3MC01,,태화
최진민,강기환,JWVAS27017,히어로 남성 프리마로프트 LIGHT 인슐레이션 베스트,S,2,870,완사입,원전,인도네시아,S1,1월4주,O,,"DGY-1, BLK(BLACK)",X,,53128290,217500000,L&S / 원창,L&S) ST0452TSPDWR-NF,원창) YO201293(NY10D,원전
최진민,김지원,JWTBS27057,히어로 남성 니트도트 긴팔 라운드티,S,2,300,완사입,태화,베트남,S1,1월2주,O,,"DBU(D/BLUE), BLK(BLACK)",X,,8055900,41400000,GEO,GEO) GIK-H350,,태화
최진민,김지원,JWTCS27055,히어로 남성 메리노울 반팔 라운드티,S,2,500,완사입,장안,베트남,S1,1월4주,O,,"GBU(G/BLUE), BLK(BLACK)",X,,19151000,74000000,IBQ,IBQ) N1001W,,장안
최진민,김지원,JWPNS27061,히어로 남성 스톰플리스 프로 LIGHT 소프트쉘 팬츠,S,2,1100,완사입,거림,베트남,S1,1월2주,O,,"GBU(G/BLUE), BLK(BLACK)",X,,61816700,297000000,글로벌B&G,글로벌B&G) SINGTEX) SW-70213CO,,거림
최진민,김지원,JWPNS27071,히어로 남성 클라이밍 팬츠,S,2,300,완사입,거림,베트남,S1,1월2주,O,,"DGY-1, BLK(BLACK)",X,,25478700,96000000,IBQ,IBQ) N04156A1,,거림
최진민,강기환,JKJGS27002,히어로 여성 고어텍스 3L PRO 재킷,S,2,190,완사입,포마트,베트남,S1,1월2주,O,,"LPI-2, BLK(BLACK)",X,,47398730,188100000,GORE,GORE) bnrSPL80GC/RGD-PX3LPRO,,포마트
최진민,강기환,JKJJS27012,히어로 여성 프리마로프트 HEAVY 인슐레이션 재킷,S,2,550,완사입,원전,인도네시아,S1,1월2주,O,,"GRY(GRAY), BLK(BLACK)",X,,46312750,214500000,SPM / 원창,SPM) ZX-20M SC,원창) YO201293(NY10D,원전
최진민,강기환,JKJJS27016,히어로 여성 프리마로프트 LIGHT 인슐레이션 재킷,S,2,600,완사입,원전,인도네시아,S1,1월2주,O,,"LPI-2, BLK(BLACK)",X,,46083000,210000000,L&S / 케이글로벌 / 원창,L&S) ST0452TSPDWR-NF,원창) YO201293(NY10D,원전
최진민,김지원,JKJJS27022,히어로 여성 스톰플리스 프로 LIGHT 소프트쉘 재킷,S,2,400,완사입,원전,인도네시아,S1,1월2주,O,,"LGY(L/GRAY), BLK(BLACK)",O,,24726400,128000000,글로벌B&G,글로벌B&G) SINGTEX) SW-70213CO,,원전
최진민,강기환,JKJJS27032,히어로 여성 옥타 플리스 재킷,S,2,450,완사입,태화,베트남,S1,1월4주,O,,"GRY(GRAY), BLK(BLACK)",X,,24435450,130500000,SPM,SPM) E3MC01,,태화
최진민,강기환,JKVAS27018,히어로 여성 프리마로프트 LIGHT 인슐레이션 베스트,S,2,305,완사입,원전,인도네시아,S1,1월4주,부분,,"DGY(D/GRAY), BLK(BLACK)",X,,17391405,76250000,L&S / 원창,L&S) ST0452TSPDWR-NF,원창) YO201293(NY10D,원전
최진민,김지원,JKTBS27058,히어로 여성 니트도트 긴팔 라운드티,S,2,180,완사입,태화,베트남,S1,1월2주,O,,"DGY-1, BLK(BLACK)",X,,4716720,24840000,GEO,GEO) GIK-H350,,태화
최진민,김지원,JKTCS27056,히어로 여성 메리노울 반팔 라운드티,S,2,400,완사입,장안,베트남,S1,1월4주,O,,"LPI-2, BLK(BLACK)",X,,13356000,59200000,IBQ,IBQ) N1001W,,장안
최진민,김지원,JKPNS27062,히어로 여성 스톰플리스 프로 LIGHT 소프트쉘 팬츠,S,2,350,완사입,거림,베트남,S1,1월2주,O,,"GRY(GRAY), BLK(BLACK)",X,,20101900,94500000,글로벌B&G,글로벌B&G) SINGTEX) SW-70213CO,,거림
최진민,김지원,JKPNS27072,히어로 여성 클라이밍 팬츠,S,2,200,완사입,거림,베트남,S1,1월2주,O,,"GRY-1, BLK(BLACK)",X,,16675200,64000000,IBQ,IBQ) N04156A1,,거림
최진민,-,TLTCM27551,하절 남성 멀티 스트라이프 라운드 반팔 티셔츠,M,2,1800,완사입,,,,3월2주,,,"CO1, CO2",,,42300000,212400000,,,,
최진민,-,TLTCM27553,하절 남성 스트라이프 폴로 반팔 티셔츠,M,2,3200,완사입,,,,3월2주,,,"CO1, CO2",,,81600000,409600000,,,,
최진민,-,TLSCM27551,하절 남성 멀티 스트라이프 반팔 셔츠,M,2,2500,완사입,,,,3월2주,,,"CO1, CO2",,,70000000,370000000,,,,
최진민,-,TVTCM27552,하절 여성 멀티 스트라이프 라운드 반팔 티셔츠,M,2,1500,완사입,,,,3월2주,,,"CO1, CO2",,,31500000,177000000,,,,
최진민,-,TVTCM27554,하절 여성 스트라이프 폴로 반팔 티셔츠,M,2,2000,완사입,,,,3월2주,,,"CO1, CO2",,,46000000,256000000,,,,
정영준,이민선,TLJJS27521,춘절 남성 3L 후드 방수 재킷,S,2,1700,완사입,기도,베트남,,1월3주,X,1월3주,"DGY-3, GRI(GREIGE)",X,,166685000,663000000,BROLIN,BROLIN) BL-AW21L3525,,기도
정영준,이민선,TLJJS27501,춘절 남성 패딩 헤링턴 재킷,S,2,3000,완사입,기도,베트남,,1월3주,X,1월3주,"BLK(BLACK), MUD",X,,186354000,960000000,BROLIN,BROLIN) BL-AW24L2060,,기도
정영준,이민선,TLJJS27503,춘절 남성 소프트쉘 헤링턴 재킷,S,2,2800,완사입,포마트,베트남,,2월1주,X,2월1주,"DGY-3, MUD",X,,226968000,896000000,MK,MK) GMZ84482,,포마트
정영준,이민선,TLJJS27511,춘절 남성 소프트안감 드리즐러 재킷,S,2,1700,완사입,포마트,베트남,,2월1주,X,,"BLK(BLACK), LLA",X,,118962600,544000000,BROLIN / 텍스마켓,BROLIN) BL-AW24L2060,텍스마켓) TM-10614,포마트
정영준,이민선,TLJJS27531,춘절 남성 소프트필 재킷 (SET-UP),S,2,1400,완사입,IKG,인도네시아,,2월1주,X,,"DGY-3, LLA",X,,55910400,249200000,IKG,IKG) CHN-TY-KNEH 1565,,IKG
정영준,이민선,TLJJS27541,남성 KOMFORT 이지 재킷 (SET-UP),S,2,1200,완사입,포마트,베트남,,2월1주,X,,"BLK(BLACK), MUD",X,,84998400,420000000,프라미스,프라미스) PM-7196,,포마트
정영준,서은미,TLJJS27551,춘절 남성 키퍼 스탠드넥 재킷,S,2,2600,완사입,아이블,베트남,,1월3주,O,,"MUD, DGY-3",X,,151426800,702000000,원창,원창) AQA-23026,,아이블
정영준,서은미,TLJJS27561,춘절 남성 인후드 재킷,S,2,5000,완사입,원전,미얀마,,2월1주,O,,"LAK(LAKE), DGY-3",X,,283061400,1250000000,TORAY CEM,TORAY CEM) 0908SY,,원전
정영준,이민선,TLJJM27501,하절 남성 경량 재킷,M,2,3200,완사입,원전,미얀마,,3월1주,X,3월1주,"BLK(BLACK), LGY-1",X,,158576000,740000000,플레이트,플레이트) HQ-213,,원전
정영준,서은미,TLJJM27511,하절 남성 윈드포레스트 패커블 방풍 재킷,M,3,12500,완사입,아이블,베트남,,3월1주,O,3월1주,"MUD, DNA(D/NAVY), LGY-1",X,O,572725000,2750000000,서진,서진) LUHW-NN605R,,아이블
정영준,서은미,TVPNS27512,춘절 여성 베이직 커브드 팬츠,S,2,2200,CMT,YIC,베트남,,1월3주,O,1월3주,"BLK(BLACK), MUD",X,,84143400,413600000,TORAY CEM,TORAY CEM) 503GD,,YIC
정영준,서은미,TVPNS27522,춘절 여성 루즈 커브드 팬츠,S,2,1800,CMT,거림,베트남,,1월3주,O,1월3주,"CRE-2, DGY(D/GRAY)",X,,62686800,338400000,SPM,SPM) W4-G.WAY WR,,거림
정영준,서은미,TVPNS27532,춘절 여성 부츠컷 팬츠,S,2,1800,CMT,TBO,베트남,,1월3주,O,1월3주,"BLK(BLACK), MUD",X,,55549800,320400000,SPM,SPM) W4-G.WAY WR,,TBO
정영준,서은미,TVPNS27542,춘절 여성 레귤러핏 팬츠,S,2,2200,CMT,거림,베트남,,1월3주,O,1월3주,"BLK(BLACK), GRI(GREIGE)",X,,84966200,413600000,TORAY CEM,TORAY CEM) 503GD,,거림
정영준,서은미,TVPNS27552,춘절 여성 소프트필 조거 팬츠 (SET-UP),S,2,1200,완사입,IKG,인도네시아,,2월1주,O,2월1주,"BLK(BLACK), LLA-1",X,,36000000,189600000,IKG,IKG) CHN-TY-KNEH 1565,,IKG
정영준,서은미,TVPOS27502,춘절 여성 롱 스커트 (SET-UP),S,1,1500,완사입,YIC,베트남,,2월1주,O,2월1주,BLK(BLACK),X,,46137000,252000000,BROLIN,BROLIN) BL-AW24L2060,,YIC
정영준,서은미,TVPNS27902,유통특화_사계절 여성 세미 부츠컷 데님 팬츠,S,1,1000,완사입,스코브,베트남,,2월1주,O,,IND(INDIGO),X,,28000000,158000000,,,,
정영준,서은미,TVPNM27502,하절 여성 베이직 크롭 세미 와이드 팬츠,M,2,5000,CMT,YIC,베트남,,3월1주,X,3월1주,"BLK(BLACK), LGI(L/GREIGE)",X,,177260000,890000000,필코,필코) 쿨율턴2,,YIC
정영준,서은미,TVPNM27522,하절 여성 카고조거 팬츠,M,2,3000,CMT,YIC,베트남,,3월1주,O,3월1주,"BLK(BLACK), DGY-1",X,,112215000,564000000,필코,필코) 쿨율턴2,,YIC
정영준,서은미,TVPNM27532,하절 여성 와이드 팬츠,M,2,3000,CMT,TBO,베트남,,3월1주,O,3월1주,"BLK(BLACK), GBU-3",X,,127404000,594000000,필코,필코) 쿨율턴2,,TBO
정영준,서은미,TVPNM27542,하절 여성 시어서커 파라슈츠 팬츠 (SET-UP),M,2,2700,CMT,거림,베트남,,3월2주,O,3월2주,"DNA(D/NAVY), LBL(L/BLUE)",X,O,69635700,453600000,SPM,SPM) SO-SUCKER,,거림
정영준,서은미,TVPOM27502,하절 여성 시어서커 5부 (SET-UP),M,2,2300,CMT,거림,베트남,,3월2주,O,3월2주,"DNA(D/NAVY), LBL(L/BLUE)",X,O,51520000,248400000,SPM,SPM) SO-SUCKER,,거림
정영준,서은미,TVPOM27512,하절 여성 버뮤다 팬츠,M,2,1600,CMT,TBO,베트남,,3월4주,X,3월4주,"DGY-1, GRI(GREIGE)",X,,41675200,252800000,플레이트,플레이트) DO-482C,,TBO
정영준,서은미,TVPNM27904,유통특화_하절 여성 쿨맥스 레귤러핏 데님 팬츠,M,1,1200,완사입,스코브,베트남,,3월1주,O,3월1주,IND(INDIGO),X,,36000000,213600000,,,,
정영준,서은미,TVSCM27692,하절 여성 데이팩 반팔 셔츠,M,2,2100,완사입,성원,베트남,,3월4주,O,3월4주,"BLK(BLACK), BEI-1",X,O,56966700,310800000,SPM,SPM) NSX-WR,,성원
정영준,권혁일,TVTCM27692,하절 여성 데이팩 반팔 티셔츠 (립),M,2,2100,완사입,IKG,인도네시아,,3월4주,X,3월4주,"BLK(BLACK), GRI(GREIGE)",X,,46200000,205800000,SPM,SPM) CD-441VS,,IKG
정영준,권혁일,TVTCM27694,하절 여성 데이팩 후드 티셔츠,M,3,6600,완사입,IKG,인도네시아,,3월4주,O,3월4주,"BLK(BLACK), RBU, GRI(GREIGE)",X,O,129300000,646800000,SPM,SPM) NSX-WR,,IKG
정영준,권혁일,TVTCM27696,하절 여성 데이팩 베이직 원피스,M,3,10500,완사입,IKG,베트남,,3월4주,O,3월4주,"BLK(BLACK), DKH(D/KHAKI), GRI(GREIGE)",X,O,273000000,1659000000,SPM,SPM) NSX-WR,,IKG
정영준,권혁일,TVTCM27698,하절 여성 데이팩 원피스,M,2,2600,완사입,IKG,베트남,,3월4주,O,3월4주,"DNA(D/NAVY), LKH",X,O,80600000,436800000,SPM,SPM) NSX-WR,,IKG
정영준,서은미,TVPNM27694,하절 여성 데이팩 루즈 팬츠,M,2,3500,CMT,TBO,베트남,,3월4주,O,3월4주,"DNA(D/NAVY), LKH",X,O,95494000,553000000,SPM,SPM) NSX-WR,,TBO
정영준,서은미,TVPOM27692,하절 여성 데이팩 롱 베이직 스커트,M,2,2000,CMT,YIC,베트남,,3월4주,O,3월4주,"DNA(D/NAVY), LKH",X,O,52978000,296000000,SPM,SPM) NSX-WR,,YIC
정영준,서은미,TVPOM27694,하절 여성 데이팩 롱 더블플랩 스커트 (립),M,2,3000,CMT,YIC,베트남,,3월4주,O,3월4주,"BLK(BLACK), GRI(GREIGE)",X,,99888000,474000000,SPM,SPM) CD-441VS,,YIC
정영준,서은미,TVPOM27696,하절 여성 데이팩 쇼츠,M,3,5500,CMT,TBO,베트남,,3월4주,O,3월4주,"BLK(BLACK), RBU, GRI(GREIGE)",X,O,112744500,484000000,SPM,SPM) NSX-WR,,TBO
정영준,서은미,TVPOM27698,하절 여성 데이팩 카고 쇼츠,M,3,5200,CMT,TBO,베트남,,3월4주,O,3월4주,"BLK(BLACK), BEI(BEIGE), GRI(GREIGE)",X,O,93600000,509600000,SPM,SPM) NSX-WR,,TBO
문도혁,이민선,TVJJS27542,춘절 여성 소프트안감 칼라드 재킷,S,2,2200,완사입,원전,베트남,s2,2월1주,O,2월1주,"MUD, BLK(BLACK)",X,,94773800,594000000,BROLIN / 텍스마켓,BROLIN) BL-AW24L2060,텍스마켓) TM-10614,원전
문도혁,이민선,TVJJS27532,춘절 여성 3L 후디드 방수 재킷,S,2,1800,완사입,기도,베트남,S1,1월3주,O,,"CRE(CREAM), DGY(D/GRAY)",X,,160255800,702000000,BROLIN,BROLIN) BL-AW21L3525,,기도
문도혁,이민선,TVJJS27552,춘절 여성 키퍼 중기장 벨티드 재킷,S,2,4000,완사입,아이블,베트남,S1,1월3주,O,,"GRI(GREIGE), DGY(D/GRAY)",X,,223356000,1160000000,타키효,타키효) THRC23AMDA001-C0,,아이블
문도혁,이민선,TVJJS27562,춘절 여성 키퍼 넥리스 재킷,S,2,2100,완사입,아이블,베트남,S1,1월3주,O,,"CRE(CREAM), GMI(G/MINT)",X,,106062600,525000000,타키효,타키효) THRC23AMDA001-C0,,아이블
문도혁,이민선,TVJJS27522,춘절 여성 웨더 중기장 재킷,S,2,2500,완사입,포마트,베트남,s1,1월3주,O,,"GRI(GREIGE), GMI(G/MINT)",X,,239177500,975000000,BROLIN,BROLIN) BL-AW21L3525,,포마트
문도혁,이민선,TVJJS27502,춘절 여성 논퀼팅 인슐레이션 재킷,S,2,2200,완사입,아이블,베트남,s1,1월3주,O,,"MUD, BLK(BLACK)",X,,160008200,704000000,BROLIN,BROLIN) BL-AW24L2060,,아이블
문도혁,이민선,TVJJM27502,하절 여성 스탠드넥 벤틸레이션 방풍 재킷,M,2,3000,완사입,원전,베트남,m1,2월4주,X,,"LGI(L/GREIGE), GBU(G/BLUE)",X,,158886000,750000000,필코,필코) 마쿠스,,원전
문도혁,이민선,TVJJM27512,하절 여성 메쉬 하이브리드 라운드넥 재킷,M,2,2000,완사입,기도,베트남,m2,3월2주,X,,"LGI(L/GREIGE), BLK(BLACK)",X,,82328000,440000000,화니GC / 신원,화니GC) TAK,,기도
문도혁,이민선,TVJJM27552,하절 여성 메쉬 하이브리드 크롭 후디드 재킷,M,2,3500,완사입,아이블,베트남,m2,3월2주,X,,"LGI(L/GREIGE), LPI",X,,146688500,770000000,SPM / 신원,SPM) MAX20-SC,,아이블
문도혁,이민선,TVJJM27522,하절 여성 중기장 후디드 방풍 재킷,M,2,3000,완사입,원전,베트남,m1,3월2주,X,,"LPI, PIS",X,O,116118000,660000000,프라미스,프라미스) 1274P,,원전
문도혁,이민선,TVJJM27532,하절 여성 V컷 스탠드넥 방풍 재킷,M,2,3500,완사입,아이블,베트남,m1,2월4주,X,,"LGI(L/GREIGE), NAY",X,O,157279500,770000000,플레이트,플레이트) NY130,,아이블
문도혁,정희영,TVVAM27552,하절 여성 메쉬 하이브리드 베스트,M,2,2500,완사입,아이블,베트남,m2,3월2주,X,,"PIS, IVO(IVORY)",X,,82302500,420000000,SPM / 신원,SPM) MAX20-SC,,아이블
문도혁,정희영,TVVAM27562,하절 여성 경량 방풍 베스트,M,2,5500,완사입,아이블,베트남,m2,3월2주,X,,"LPI, GNA(G/NAVY)",X,O,181296500,924000000,P&T,P&T) PNT-00108RE-WA,,아이블
문도혁,정희영,TLPNS27531,춘절 남성 소프트필 저지 팬츠 (SET-UP),S,2,1400,CMT,IKG,베트남,s1,1월3주,O,,"DGY(D/GRAY), LLA",X,,54159000,277200000,IKG,IKG) CHN-TY-KNEH 1565,,IKG
문도혁,정희영,TLPNS27521,사계절 남성 KOMFORT 레귤러핏 팬츠 (SET-UP),S,2,2000,CMT,YIC,베트남,s2,2월2주,O,,"MUD, BLK(BLACK)",X,,67386000,396000000,프라미스,프라미스) PM-7196,,YIC
문도혁,정희영,TLPNS27901,유통특화_사계절 남성 레귤러핏 데님 팬츠,S,2,1200,완사입,스코브,베트남,s2,2월2주,O,,"IND(INDIGO), BLK(BLACK)",X,O,32350800,225600000,,,,
문도혁,정희영,TLPNS27501,춘절 루즈핏 커브드 팬츠,S,2,1600,CMT,YIC,베트남,s2,2월1주,O,,"LLA, DGY(D/GRAY)",X,,81600000,352000000,TORAY CEM,TORAY CEM) 503GD,,YIC
문도혁,정희영,TLPNS27411,춘절 남성 면 혼방 레귤러핏 테이퍼드 팬츠,S,2,2500,CMT,거림,베트남,s1,1월3주,O,,"MUD, BLK(BLACK)",X,,104250000,495000000,TORAY CEM,TORAY CEM) 503GD,,거림
문도혁,정희영,TLPNM27501,하절 남성 시어서커 레귤러핏 팬츠 (SET-UP),M,2,3500,CMT,거림,베트남,m3,3월2주,O,,"BLK(BLACK), LBL(L/BLUE)",X,O,102490500,623000000,SPM,SPM) SO-SUCKER,,거림
문도혁,정희영,TLPNM27511,하절 남성 면 혼방 레귤러핏 테이퍼드 팬츠,M,2,5000,CMT,YIC,베트남,m1,2월4주,O,,"BGY(B/GRAY), BLK(BLACK)",X,O,207055000,990000000,필코,필코) 쿨율턴2,,거림
문도혁,정희영,TLPNM27541,하절 남성 나일론 레귤러핏 테이퍼드 팬츠,M,2,1500,CMT,거림,베트남,m2,2월4주,O,,"GBU(G/BLUE), BLK(BLACK)",X,,55500000,297000000,플레이트,플레이트) DO-482C,,거림
문도혁,정희영,TLPOM27531,하절 남성 나일론 버뮤다 쇼츠,M,2,1600,CMT,거림,베트남,m2,3월4주,O,,"GBU(G/BLUE), BLK(BLACK)",X,,60500000,335000000,플레이트,플레이트) DO-482C,,거림
문도혁,정희영,TLPOM27521,하절 남성 KOMFORT 쇼츠 (SET-UP),M,2,2000,CMT,TBO,베트남,m3,3월2주,O,,"MUD, BLK(BLACK)",X,,53600000,276000000,프라미스,프라미스) PM-7196,,TBO
문도혁,정희영,TLPOM27501,하절 남성 시어서커 쇼츠 (SET-UP),M,2,2000,CMT,거림,베트남,m3,3월4주,O,,"LBL(L/BLUE), DNA(D/NAVY)",X,O,47624000,256000000,SPM,SPM) SO-SUCKER,,거림
문도혁,정희영,TLPNM27911,유통특화_하절 남성 쿨맥스 데님 팬츠,M,2,3500,완사입,스코브,베트남,m1,3월2주,O,,"IND(INDIGO), LBL(L/BLUE)",X,O,94146500,658000000,,,,
문도혁,서은미,TLTCM27691,하절 남녀공용 데이팩 티셔츠,M,3,7700,완사입,IKG,베트남,m1,3월4주,O,,"GRI(GREIGE), LKH, BLK(BLACK)",X,O,173712000,754600000,SPM,SPM) NSX-WR,,IKG
문도혁,서은미,TLSCM27693,하절 남성 데이팩 베이직 셔츠,M,3,2800,완사입,성원,베트남,m1,3월4주,O,,"GRI(GREIGE), BLK(BLACK), BEI(BEIGE)",X,O,79357600,414400000,SPM,SPM) NSX-WR,,성원
문도혁,정희영,TLPNM27691,하절 남성 데이팩 레귤러핏 테이퍼드 팬츠,M,2,6000,CMT,거림,베트남,m1,3월4주,O,,"GRI(GREIGE), BLK(BLACK)",X,O,142842000,888000000,SPM,SPM) NSX-WR,,거림
문도혁,정희영,TLPOM27697,하절 남성 데이팩 베이직 쇼츠,M,3,14000,CMT,TBO,베트남,m1,3월4주,O,,"LKH, RBU, BLK(BLACK)",X,O,277676000,1232000000,SPM,SPM) NSX-WR,,TBO
문도혁,정희영,TLPOM27699,하절 남성 데이팩 카고 쇼츠,M,2,5500,CMT,TBO,베트남,m1,3월4주,X,,"BEI(BEIGE), BLK(BLACK)",X,O,115170000,594000000,SPM,SPM) NSX-WR,,TBO
문도혁,서은미,TLTCM27695,하절 남성 데이팩 하프집업 티셔츠,M,2,2300,CMT,IKG,인도네시아,m1,3월4주,X,,"RBU, BLK(BLACK)",X,,57750700,271400000,SPM,SPM) CD-441VS,,IKG
문도혁,정희영,TLPNM27693,하절 남성 데이팩 루즈핏 팬츠,M,2,2500,CMT,TBO,베트남,m1,3월4주,O,,"DKH(D/KHAKI), DNA(D/NAVY)",X,,81705000,420000000,SPM,SPM) CD-441VS,,TBO
문도혁,권혁일,TLTCM27507,하절 남성 리노쿨 피케 폴로 티셔츠,M,3,6000,완사입,IKG,베트남,m1,3월4주,,,"CO1, CO2, CO3",,,139110000,708000000,,,,
문도혁,권혁일,TVTCM27512,하절 여성 리노쿨 피케 크롭 폴로 티셔츠,M,3,3000,완사입,IKG,베트남,m1,3월4주,,,"CO1, CO2, CO3",,,63000000,354000000,,,,
김준래,정희영,TLSXM27521,하절 남성 체크 긴팔 셔츠,M,2,2000,완사입,픽스처,베트남,,2월4주,O,2월4주,"LLA, DGY(D/GRAY)",X,,78808000,376000000,픽스처,픽스처) SUH404749-01,,픽스쳐
김준래,정희영,TLSXM27551,하절 남성 시어서커 긴팔 셔츠,M,2,1600,완사입,픽스처,베트남,,2월4주,O,3,"IVO(IVORY), GBU-4",X,,61387200,284800000,타키사다나고야,타키사다나고야) 1083500MI,,픽스쳐
김준래,정희영,TLSCM27501,하절 남성 시어서커 반팔 셔츠 (SET-UP),M,4,5500,완사입,픽스처,베트남,,3월2주,O,3월2주,"DNA(D/NAVY), LGY-1, LBL(L/BLUE), BLK(BLACK)",X,O,149985000,814000000,SPM,SPM) SO-SUCKER,,픽스쳐
김준래,정희영,TLSCM27921,유통특화_하절 남성 체크 시어서커 반팔 셔츠,M,2,3500,완사입,픽스처,베트남,,3월2주,O,3월2주,"DKH(D/KHAKI), NAY",X,O,108528000,483000000,픽스처,"픽스처) HL2026-5861""B""",,픽스쳐
김준래,정희영,TLSCM27511,하절 남성 체크 반팔 셔츠,M,2,4000,완사입,픽스처,베트남,,3월2주,O,,"NAY, DGY(D/GRAY)",X,O,163668000,552000000,대웅,대웅) DWT-2982DTP,,픽스쳐
김준래,정희영,TLSXS27511,남성 아우터형 긴팔 셔츠,S,2,1400,완사입,성원,,,2월3주,O,,"GRY-2, MUD",O,,50358000,263200000,프라미스,프라미스) PM-8569,,성원
김준래,정희영,TLSXS27501,남성 기본형 세미오버 긴팔 셔츠,S,2,2000,완사입,성원,,,2월3주,O,,"GRY-2, BLK(BLACK)",X,,78566000,356000000,TORAY CEM,TORAY CEM) 5356-C0,,성원
김준래,정희영,TLSXM27901,유통특화_남성 체크 긴팔 셔츠,M,2,3000,완사입,픽스처,베트남,,3월2주,O,,"WIN, NAY",X,O,107781000,474000000,픽스처,픽스처) CFS01438A,,픽스쳐
김준래,권혁일,TLTCM27591,하절 남성 시어서커 하프집업 반팔 티셔츠 (SET-UP),M,2,1500,완사입,장안,베트남,,3월2주,O,3월2주,"LBL(L/BLUE), DNA(D/NAVY)",X,,38922000,237000000,SPM,SPM) SO-SUCKER,,장안
김준래,권혁일,TLTBS27571,춘절 남성 니트 폴로 긴팔 티셔츠,S,2,2000,완사입,어필코리아,베트남,,1월2주,O,1월2주,"BLK(BLACK), LAK(LAKE)",X,,106628000,440000000,,,,
김준래,권혁일,TLTCM27501,하절 남성 베이직 폴로 반팔 티셔츠,M,4,24000,ODM,TESSELLATION,베트남,,3월2주,X,3월2주,"IVO(IVORY), BGY-1, BLK(BLACK), NAY",X,,396576000,2592000000,,,,
김준래,권혁일,TLTCM27503,하절 남성 핫멜트 폴로 반팔 티셔츠,M,5,67000,완사입,장안,베트남,,1월4주,O,1월 4주,"LAK(LAKE), LGY-1, GBU-3, DNA(D/NAVY), BLK(BLACK)",X,O,1474000000,7906000000,태진,태진) TJ-01445,,장안
김준래,권혁일,TLTCM27505,하절 남성 시어서커 폴로 반팔 티셔츠,M,2,12000,완사입,장안,베트남,,3월2주,O,3월2주,"OWH, BLK(BLACK)",X,O,300696000,1536000000,MD글로벌,MD글로벌) MDAC-72610,,장안
김준래,권혁일,TLTCM27509,하절 남성 시어서커 라운드넥 반팔 티셔츠 (SET-UP),M,2,3000,완사입,장안,베트남,,3월2주,O,3월2주,"BLK(BLACK), GRY(GRAY)",X,O,67437000,354000000,SPM,SPM) SO-SUCKER,,장안
김준래,권혁일,TLTCM27511,하절 남녀공용 CP소로나쿨 릴렉스핏 상록수 그래픽 반팔 티셔츠,M,2,10000,완사입,IKG,인도네시아,,3월4주,X,3월4주,"IVO(IVORY), BLK(BLACK)",X,,202530000,880000000,SPM,SPM) SR-COOL PL,,IKG
김준래,권혁일,TLTCM27517,하절 남성 소로나 릴렉스핏 그래픽 반팔 티셔츠,M,2,3000,완사입,장안,베트남,,4월2주,X,4월 2주,"MUD, BLK(BLACK)",X,,36069000,234000000,수텍스,수텍스) SJD-23-1568,,장안
김준래,권혁일,TLTCM27519,하절 남녀공용 소로나쿨(NP) 릴렉스핏 그래픽 반팔 티셔츠,M,2,3000,완사입,장안,베트남,,4월2주,X,4월 2주,"LGI(L/GREIGE), DGY-3",X,,45762000,264000000,SK패션,SK패션) SK25-9182-YC,,장안
김준래,권혁일,TLTCM27561,하절 남성 헨리넥 레귤러핏 반팔 티셔츠,M,2,1600,완사입,IKG,인도네시아,,2월4주,X,2월4주,"DNA(D/NAVY), LGY(L/GRAY)",X,,30280000,188800000,IKG,IKG) BROS B8802 싱글,,IKG
김준래,권혁일,TLTCM27529,하절 남성 린넨라이크 폴로 반팔 티셔츠,M,2,6000,완사입,장안,베트남,,3월2주,O,3월2주,"LGI(L/GREIGE), NAY",X,,165174000,708000000,타키사다나고야,타키사다나고야) 106-13414,,장안
김준래,권혁일,TLTBS27511,남성 베이직 폴로 긴팔 티셔츠,S,3,8000,ODM,TESSELLATION,중국,,1월2주,X,,"LLA-1, CIN(CINDER), DGY-3",X,,188464000,1024000000,,,,
김준래,권혁일,TLTBM27501,남녀공용 베이직 오버핏 긴팔 티셔츠,M,2,2000,완사입,TESSELLATION,베트남,,1월2주,X,,"CRE-2, BLK(BLACK)",X,,37006000,196000000,TESSELLATION,TESSELLATION) KSF23KF0104532 B,,TESSELLATION
김준래,권혁일,TLTCM27521,남성 소로나 레귤러핏 반팔 티셔츠,M,4,70000,ODM,IKG,인도네시아,,1월4주,X,,"IVO(IVORY), LLA-1, GBU-3, BLK(BLACK)",X,,644000000,4760000000,,,,
김준래,권혁일,TLTCM27523,남성 CP소로나쿨 세미오버 반팔 티셔츠,M,4,10000,완사입,IKG,인도네시아,,2월4주,O,,"MUD, CRE-2, LAK(LAKE), BLK(BLACK)",X,O,142150000,780000000,SPM,SPM) SR-COOL PL,,IKG
김준래,서은미,TVSXM27592,하절 여성 에어리 긴팔 셔츠,M,2,3000,완사입,성원,베트남,,3월1주,X,3월1주,"PYL, LGI(L/GREIGE)",X,,114000000,504000000,필코,필코) 마쿠스,,성원
김준래,서은미,TVSXM27582,하절 여성 시어서커 후드 긴팔 셔츠,M,2,3000,완사입,성원,베트남,,3월2주,O,3월2주,"OWH, GBU-4",X,,110343000,534000000,타키사다나고야,타키사다나고야) 1083500MI,,성원
김준래,서은미,TVSCM27512,하절 여성 시어서커 반팔 셔츠 (SET-UP),M,2,3500,완사입,성원,베트남,,3월2주,O,3월2주,"DNA(D/NAVY), LBL(L/BLUE)",X,,122696000,553000000,SPM,SPM) SO-SUCKER,,성원
김준래,서은미,TVSXS27522,여성 아우터형 긴팔 셔츠,S,2,1800,완사입,성원,베트남,,2월3주,O,,"GMI(G/MINT), DGY-3",X,,64155600,302400000,프라미스,프라미스) PM-8569,,성원
김준래,서은미,TVSXS27502,여성 기본형 세미오버 긴팔 셔츠,S,2,1800,완사입,성원,베트남,,2월3주,O,,"GRI(GREIGE), LLA",X,,67595400,284400000,TORAY CEM,TORAY CEM) 5356-C0,,성원
김준래,서은미,TVSXM27902,유통특화_여성 체크 긴팔 셔츠,M,2,3000,완사입,픽스처,베트남,,3월2주,O,,"WIN, MIN",X,,94791000,474000000,픽스처,픽스처) CFS01438A,,픽스쳐
김준래,권혁일,TVTBS27592,춘절 여성 니트 폴로 긴팔 티셔츠,S,2,1200,완사입,어필코리아,베트남,,1월2주,O,1월2주,"CRE-2, LLA-1",X,,58612800,237600000,,,,
김준래,권혁일,TVTBS27552,춘절 여성 소프트필 후드 긴팔 티셔츠 (SET-UP),S,2,1200,완사입,IKG,인도네시아,,1월3주,O,1월3주,"LLA-1, BLK(BLACK)",X,,36117600,225600000,IKG,IKG) CHN-TY-KNEH 1565,,IKG
김준래,권혁일,TVTCM27502,하절 여성 베이직 폴로 반팔 티셔츠,M,3,9500,ODM,TESSELLATION,중국,,2월4주,X,2월4주,"IVO(IVORY), DNA(D/NAVY), LPI",X,,162868000,1026000000,,,,
김준래,권혁일,TVTCM27504,하절 여성 핫멜트 폴로 반팔 티셔츠,M,3,6500,완사입,장안,베트남,,1월4주,O,1월 4주,"IVO(IVORY), PYL, DNA(D/NAVY)",X,O,136578000,767000000,태진,태진) TJ-01445,,장안
김준래,권혁일,TVTCM27542,하절 여성 스트레치 시어서커 폴로 반팔 티셔츠 (SET-UP),M,2,4000,완사입,태화,베트남,,3월2주,O,3월2주,"OWH, BLK(BLACK)",X,O,87048000,512000000,MD글로벌,MD글로벌) MDAC-72610,,태화
김준래,권혁일,TVTCM27562,하절 여성 CP소로나쿨 반팔 티셔츠,M,2,1800,완사입,장안,베트남,,3월4주,O,3월 4주,"DGY-1, BLK(BLACK)",X,O,36117000,176400000,SPM,SPM) SR-COOL PL,,장안
김준래,권혁일,TVTCM27564,하절 여성 우븐 하이브리드 크롭 반팔 티셔츠,M,2,1600,완사입,IKG,인도네시아,,3월4주,X,3월 4주,"LGY-1, GBU-3",X,,34251200,156800000,SPM,SPM) DTS-B4N,,IKG
김준래,권혁일,TVTCM27514,하절 여성 CP소로나쿨 그래픽 크롭 반팔 티셔츠,M,2,3000,완사입,IKG,인도네시아,,4월2주,X,4월 2주,"IVO(IVORY), DNA(D/NAVY)",X,,35889000,234000000,SPM,SPM) SR-COOL PL,,IKG
김준래,권혁일,TVTCM27528,하절 여성 린넨 라이크 폴로 반팔 티셔츠,M,2,5500,완사입,장안,베트남,,3월2주,X,3월2주,"LPI, CRE-2",X,,127193000,649000000,타키사다나고야,타키사다나고야) 106-13414,,장안
김준래,권혁일,TVTCM27538,하절 여성 시어서커 반팔 폴로 티셔츠,M,3,5000,완사입,태화,베트남,,3월2주,O,3월2주,"CRE(CREAM), LPI, PIS",X,O,147115000,640000000,픽스처,"픽스처) HL2026-5862""A""",,태화
김준래,권혁일,TVTCM27506,여성 소로나 라운드넥 반팔 티셔츠,M,4,24000,ODM,IKG,인도네시아,,1월4주,X,,"IVO(IVORY), LPI, PIS, BLK(BLACK)",X,,189600000,1632000000,,,,
김준래,권혁일,TVTCM27508,여성 CP소로나쿨 모크넥 반팔 티셔츠,M,2,2000,완사입,장안,베트남,,2월4주,X,,"GRI(GREIGE), BLK(BLACK)",X,O,32048000,156000000,SPM,SPM) SR-COOL PL,,장안
김준래,권혁일,TVTBS27548,여성 베이직 폴로 긴팔 티셔츠,S,3,3700,ODM,TESSELLATION,베트남,,1월2주,X,,"IVO(IVORY), LPI, NAY",X,,81736700,473600000,,,,
박진아,조이슬,JKTBS27102,춘절 여성 베이직 긴팔 집업 티셔츠,S,2,2500,완사입,태화,베트남,,1월3주,X,1월3주,"CRE(CREAM), LSL",X,,47250000,370000000,,,,
박진아,조이슬,JKTBS27104,춘절 여성 베이직 긴팔 라운드 티셔츠,S,2,1400,완사입,태화,베트남,,1월3주,X,1월3주,"MIN, DGY(D/GRAY)",X,,24915800,207200000,,,,
박진아,조이슬,JKTBS27112,춘절 여성 하이브리드 긴팔 집업 티셔츠,S,2,2000,완사입,IKG,인도네시아,,2월1주,O,2월1주,"WBE, DGY(D/GRAY)",X,,52250000,296000000,SPM,SPM) SMART SSO _OK,,IKG
박진아,조이슬,JKTBS27114,춘절 여성 ClearDry 아웃포켓 긴팔 라운드 티셔츠,S,2,1300,완사입,IKG,인도네시아,,2월1주,O,2월1주,"GRY(GRAY), CRE(CREAM)",X,,27060800,166400000,SK패션,SK패션) SK26-6002-RV,,IKG
박진아,조이슬,JKTBS27116,춘절 여성 후드 티셔츠,S,2,1200,완사입,IKG,인도네시아,,2월1주,O,2월1주,"BLK(BLACK), DYL(D/YELLOW)",X,,32727600,201600000,SPM,SPM) SMART SSO _OK,,IKG
박진아,조이슬,JKTBS27118,춘절 여성 하이브리드 긴팔 후드 티셔츠,S,2,3000,완사입,장안,인도네시아,,2월1주,O,2월1주,"CRE(CREAM), DYL(D/YELLOW)",X,O,114219000,504000000,태진 / BK,태진) TJ-01445,,장안
박진아,조이슬,JKTBS27120,춘절 자가드 긴팔 집업 티셔츠,S,2,1400,완사입,IKG,인도네시아,,2월1주,O,2월1주,"KHA(KHAKI), BLK(BLACK)",X,,31536400,207200000,글로벌B&G,글로벌B&G) GB26T-LIK0003,,장안
박진아,조이슬,JKPNS27114,DS 제안) 춘절 여성 레귤러핏 카고 팬츠,S,2,1800,CMT,TBO,베트남,,2월1주,O,2월1주,"DGY(D/GRAY), WBE",X,,62179200,356400000,MK,MK) GMZ84482,,TBO
박진아,조이슬,JKPNS27102,춘절 여성 슬림핏 스탠다드 팬츠,S,3,4000,CMT,디코드,베트남,,1월3주,O,1월3주,"CIN(CINDER), DGY(D/GRAY), WBE",X,,113760000,712000000,,,,
박진아,조이슬,JKSCM27142,하절 여성 스트링 반팔 셔츠,M,2,4000,완사입,성원,베트남,,3월4주,X,3월4주,"LSL, MIN",X,,113600000,592000000,글로벌B&G,글로벌B&G) GB25T-STK0297,,성원
박진아,조이슬,JKSXM27182,하절 여성 에어도트 긴팔 셔츠,M,1,2000,완사입,성원,베트남,,3월2주,O,3월2주,BLK(BLACK),X,,74858000,336000000,대웅,대웅) DWT-2724/1,,성원
박진아,조이슬,JKSCM27184,하절 여성 에어도트 반팔 셔츠,M,2,2000,완사입,성원,베트남,,3월4주,O,3월4주,"WBE, BLK(BLACK)",X,,55000000,296000000,글로벌B&G,글로벌B&G) GB19T-LUW0296,,성원
박진아,조이슬,JKTBM27128,하절 여성 MossDry 베이직 긴팔 집업 티셔츠,M,2,3000,완사입,TESSELLATION,베트남,,2월4주,X,2월4주,"IVO(IVORY), DMI(D/MINT)",X,,57300000,354000000,,,,
박진아,조이슬,JKTBM27124,하절 여성 자카드 긴팔 티셔츠,M,2,1600,완사입,IKG,인도네시아,,2월4주,O,2월4주,"KHA(KHAKI), BLK(BLACK)",X,,36735400,188800000,글로벌B&G,글로벌B&G) GB26T-LIK0001,,IKG
박진아,조이슬,JKTBM27282,(2차 추가) 하절 여성 긴팔 라운드 티셔츠,M,2,2500,완사입,장안,베트남,,2월4주,O,2월4주,"LIL(LILAC), BLK(BLACK)",X,,45000000,270000000,태진 / 한샘,태진) TJ-04111,,장안
박진아,조이슬,JKTBM27166,하절 여성 MossDry 소매 하이브리드 긴팔 후드 티셔츠,M,2,2200,완사입,태화,베트남,,2월4주,O,2월4주,"VBU, MIN",X,O,53836200,325600000,태화,태화) THC-2096,,태화
박진아,조이슬,JKTBM27168,하절 여성 패턴 긴팔 집업 티셔츠,M,3,4500,완사입,장안,베트남,,2월4주,O,2월4주,"LSL, MIN, CRE(CREAM)",X,O,106897500,576000000,TNT / JKTREND,TNT) TNT-K2337,,장안
박진아,조이슬,JKTCM27158,하절 여성 MossDry 베이직 반팔 집업 티셔츠,M,2,1500,완사입,TESSELLATION,베트남,,3월2주,X,3월2주,"PYL, LSL",X,,21750000,177000000,,,,
박진아,조이슬,JKTCM27160,하절 여성 MossDry 베이직 반팔 라운드 티셔츠,M,3,6300,완사입,TESSELLATION,베트남,,3월2주,X,3월2주,"IVO(IVORY), LIL(LILAC), BLK(BLACK)",X,,59850000,428400000,,,,
박진아,조이슬,JKTCM27166,하절 여성 MossDry 스트레치 반팔 후드 티셔츠,M,2,2500,완사입,IKG,인도네시아,,3월4주,O,3월4주,"DMI(D/MINT), CRE(CREAM)",X,,39347500,320000000,태진,태진) TJ-05095,,IKG
박진아,조이슬,JKTCM27908,유통특화_하절 여성 5부 집업 티셔츠,M,2,1600,완사입,IKG,인도네시아,,3월2주,O,3월2주,"WBE, LIL(LILAC)",X,O,25153600,140800000,인터필,인터필) TI-229H,,IKG
박진아,조이슬,JKTBM27182,하절 여성 에어도트 하이브리드 긴팔 후드 티셔츠,M,2,2000,완사입,장안,베트남,,2월4주,O,2월4주,"WBE, DMI(D/MINT)",X,,81136000,336000000,SPM,SPM) DOT AIR -50SF,,장안
박진아,조이슬,JKTCM27186,하절 여성 에어도트 반팔 후드 티셔츠,M,3,4500,완사입,태화,베트남,,3월2주,O,3월2주,"MIN, CRE(CREAM), BLK(BLACK)",X,,126063000,621000000,SPM,SPM) DOT AIR -50SF,,태화
박진아,조이슬,JKTCM27184,하절 여성 에어도트 반팔 폴로 티셔츠,M,2,2500,완사입,장안,베트남,,3월2주,O,3월2주,"MIN, BLK(BLACK)",X,,50685000,345000000,대웅,대웅) DWT-2724/1,,장안
박진아,조이슬,JKTCM27182,하절 여성 에어도트 반팔 집업 티셔츠,M,3,5700,완사입,장안,베트남,,3월2주,O,3월2주,"MIN, CRE(CREAM), BLK(BLACK)",X,O,135403500,729600000,대웅,대웅) DWT-2724/1,,장안
박진아,조아슬,JKTCM27148,여성 소로나쿨(NP) 레귤러핏 그래픽 티셔츠,M,2,4000,완사입,장안,베트남,,4월3주,O,4월3주,"LSL, MIN",X,,51756000,312000000,SK패션,SK패션) SK25-9182-YC,,장안
박진아,조이슬,JWTCM27139,남녀공용 에어론 레귤러핏 그래픽 티셔츠,M,2,3500,완사입,IKG,인도네시아,,4월3주,O,4월3주,"MUS, BLK(BLACK)",X,,57221500,308000000,SPM,SPM) AIRON,,IKG
박진아,엄창용,JWTCM27141,남녀공용 에어론 레귤러핏 그래픽 티셔츠,M,2,2500,완사입,IKG,인도네시아,,4월3주,X,4월3주,"KHA(KHAKI), DBU(D/BLUE)",X,,41857500,220000000,SPM,SPM) AIRON,,IKG
박진아,엄창용,JWTCM27143,남녀공용 폴리(CC DRY) 세미오버핏 그래픽 티셔츠,M,2,5000,완사입,장안,베트남,,4월3주,X,4월3주,"OWH, BLK(BLACK)",X,,84510000,440000000,SPM,SPM) CC-DRY F,,장안
박진아,조이슬,JWTCM27145,남녀공용 폴리(CC DRY) 레귤러핏 그래픽 티셔츠,M,2,2500,완사입,장안,베트남,,4월3주,X,4월3주,"WGY, NAY",X,,41855000,195000000,SPM,SPM) CC-DRY F,,장안
박진아,조이슬,JWTCM27147,남녀공용 소로나 릴렉스핏 그래픽 티셔츠,M,2,4000,완사입,IKG,인도네시아,,3월1주,O,3월1주,"OWH, BLK(BLACK)",X,,46872000,312000000,수텍스,수텍스) SJS-23-1568,,IKG
박진아,엄창용,JWTCM27149,남녀공용 소로나쿨(CP) 릴렉스핏 그래픽 티셔츠,M,2,3000,완사입,태화,베트남,,3월1주,X,3월1주,"DGY(D/GRAY), MUD",X,,51627000,234000000,SPM,SPM) SR-COOL PL,,태화
박진아,엄창용,JWTCM27127,남녀공용 소로나 릴렉스핏 그래픽 티셔츠,M,2,4000,완사입,IKG,인도네시아,,3월1주,X,3월1주,"CRE(CREAM), DGY(D/GRAY)",X,,55224000,352000000,수텍스,수텍스) SJS-23-1568,,IKG
박진아,조이슬,JKPNM27138,하절 여성 WIGO 디테처블 팬츠,M,2,1500,CMT,거림,베트남,,2월1주,O,2월1주,"KHA(KHAKI), BLK(BLACK)",X,,89790000,375000000,신한,신한) SH-TP7204,,거림
박진아,조이슬,JKPNM27162,하절 여성 슬림핏 스탠다드 팬츠,M,3,6000,CMT,디코드,베트남,,3월2주,O,3월2주,"BLK(BLACK), NAY, WGY",X,,144954000,1068000000,,,,
박진아,조이슬,JKPNM27192,하절 여성 하이킹 벤틸레이션 커브드 팬츠,M,2,1900,CMT,거림,베트남,,2월1주,O,2월1주,"VBU, CRE(CREAM)",X,,60925400,357200000,밀리테크,밀리테크) MT-9560HD,,거림
박진아,조이슬,JKPNM27172,하절 여성 루즈핏 파라슈트 팬츠,M,2,3200,CMT,YIC,베트남,,3월4주,O,3월4주,"KHA(KHAKI), BLK(BLACK)",X,,107529600,633600000,신한,신한) SVR1544FD,,YIC
박진아,조이슬,JKPNM27158,하절 여성 레귤러핏 팬츠,M,2,1800,CMT,TBO,베트남,,3월4주,O,3월4주,"KHA(KHAKI), DGY(D/GRAY)",X,,68529600,356400000,COX,COX) COX-4209,,TBO
박진아,조이슬,JKPNM27182,하절 여성 에어도트 레귤러핏 팬츠,M,2,3700,완사입,YIC,베트남,,3월2주,O,3월2주,"BLK(BLACK), WBE",X,,109449700,621600000,글로벌B&G,글로벌B&G) GB19T-LUW0296,,YIC
박진아,조이슬,JKPNM27184,하절 여성 에어도트 루즈핏 팬츠,M,1,2000,완사입,YIC,베트남,,3월2주,O,3월2주,BLK(BLACK),X,,70766000,336000000,L&S,L&S) DA4288SYWR,,YIC
박진아,조이슬,JKPOM27142,하절 여성 소프트쉘 쇼츠 (SET-UP),M,2,1800,CMT,YIC,베트남,,2월4주,O,2월4주,"BLK(BLACK), WBE",X,,43592400,230400000,플레이트,플레이트) DI-001C,,YIC
박진아,조이슬,JKPOM27172,하절 여성 7부 카고 팬츠,M,2,3000,CMT,YIC,베트남,,4월3주,O,4월3주,"BLK(BLACK), WBE",X,,87753000,474000000,프라미스,프라미스) PM-8574,,YIC
박진아,조이슬,JKPOM27176,하절 여성 카고 쇼츠,M,2,1500,CMT,TBO,베트남,,3월4주,O,3월4주,"DMI(D/MINT), LSL",X,,35835000,192000000,신한,신한) SVR1544FD,,TBO
박진아,조이슬,JKPOM27174,하절 여성 8부 스탠다드 팬츠,M,2,7500,CMT,디코드,베트남,,4월3주,O,4월3주,"CIN(CINDER), WGY",X,,168255000,1110000000,,,,
박술홍,심현숙,TLJJM27701,남성 트레일러닝 초경량 3L 방수 자켓,M,1,250,완사입,포마트,베트남,SM1,3월1주,O,,BLU(BLUE),X,,26584750,97500000,PERTEX,PERTEX) PS074-20C3L7,,포마트
박술홍,심현숙,TLJJM27703,남성 트레일러닝 패커블 초경량 방풍 자켓,M,1,250,완사입,포마트,베트남,SM1,3월1주,O,,DBE(DARK BEIGE),X,,13647750,55000000,텍스마켓,텍스마켓) CN-163,,포마트
박술홍,김지원,TLTCM27711,남성 트레일러닝 흡습속건 라운드 반팔 티셔츠,M,3,1870,완사입,장안,베트남,SM1,3월1주,O,,"BLK(BLACK), BLU(BLUE), LSE",X,,45901020,183260000,POLARTEC,POLARTEC) 8022(21082-1-2,,장안
박술홍,김지원,TLTCM27721,남성 트레일러닝 자카드 라운드 슬리브리스,M,1,500,완사입,장안,베트남,SM1,3월1주,O,,DGY(D/GRAY),X,,16777000,59000000,화니글로벌,화니글로벌) TVT0085,,장안
박술홍,김지원,TLTCM27723,남성 트레일러닝 저지 라운드 슬리브리스,M,1,900,완사입,장안,베트남,SM1,3월1주,X,,BLK(BLACK),X,,22674600,88200000,SK패션,SK패션) SK23-9192-YC,,장안
박술홍,김지원,TLPOM27731,남성 트레일러닝 초경량 스플릿 3부 팬츠,M,1,400,완사입,YIC,베트남,SM1,3월1주,X,,BLK(BLACK),X,,11000000,47200000,KG-GLOBAL,KG-GLOBAL) KGA-2724,,YIC
박술홍,김지원,TLPOM27733,남성 트레일러닝 트레일 2in1 스토리지 4부 팬츠,M,2,900,완사입,YIC,베트남,SM1,3월1주,X,,"DGY(D/GRAY), LSE",X,,28644300,124200000,텍스마켓 / 우주,텍스마켓) CN-163,,YIC
박술홍,김지원,TLPOM27735,남성 트레일러닝 트레일 스토리지 5부 타이즈,M,1,350,완사입,IKG,베트남,SM1,3월1주,X,,LSE,X,,10039050,44800000,ECLAT,ECLAT) RT1706334,,IKG
박술홍,심현숙,TVJJM27702,여성 트레일러닝 초경량 3L 방수 자켓,M,1,300,완사입,포마트,베트남,SM1,3월1주,O,,IVO(IVORY),X,,31205400,117000000,PERTEX,PERTEX) PS074-20C3L7,,포마트
박술홍,심현숙,TVJJM27704,여성 트레일러닝 패커블 초경량 방풍 자켓,M,1,300,완사입,포마트,베트남,SM1,3월1주,O,,DBE(DARK BEIGE),X,,14763900,66000000,텍스마켓,텍스마켓) CN-163,,포마트
박술홍,김지원,TVTCM27712,여성 트레일러닝 흡습속건 라운드 반팔 티셔츠,M,2,1010,완사입,장안,베트남,SM1,3월1주,O,,"BLK(BLACK), DGY(D/GRAY)",X,,24791460,98980000,POLARTEC,POLARTEC) 8022(21082-1-2,,장안
박술홍,김지원,TVTCM27714,여성 트레일러닝 흡습속건 프린트 라운드 반팔 티셔츠,M,1,700,완사입,장안,베트남,SM1,3월1주,O,,LSE,X,,19282200,75600000,POLARTEC,POLARTEC) 8022(21082-1-2,,장안
박술홍,김지원,TVTCM27722,여성 트레일러닝 자카드 라운드 슬리브리스,M,1,300,완사입,장안,베트남,SM1,3월1주,O,,DGY(D/GRAY),X,,12766200,35400000,화니글로벌,화니글로벌) TVT0085,,장안
박술홍,김지원,TVTCM27724,여성 트레일러닝 저지 라운드 슬리브리스,M,1,500,완사입,장안,베트남,SM1,3월1주,X,,DBE(DARK BEIGE),X,,13989500,54000000,SK패션,SK패션) SK23-9192-YC,,장안
박술홍,김지원,TVPOM27732,여성 트레일러닝 초경량 스플릿 3부 팬츠,M,1,500,완사입,YIC,베트남,SM1,3월1주,X,,BLK(BLACK),X,,13550000,59000000,KG-GLOBAL,KG-GLOBAL) KGA-2724,,YIC
박술홍,김지원,TVPOM27734,여성 트레일러닝 트레일 2in1 스토리지 4부 팬츠,M,1,500,완사입,YIC,베트남,SM1,3월1주,X,,LSE,X,,18200000,69000000,텍스마켓 / 우주,텍스마켓) CN-163,,YIC
박술홍,김지원,TVPOM27736,여성 트레일러닝 트레일 스토리지 4부 타이즈,M,1,250,완사입,IKG,베트남,SM1,3월1주,O,,LSE,X,,6420750,29500000,ECLAT,ECLAT) RT1706334,,IKG
박술홍,엄창용,JWPNS27101,춘절 남성 레귤러핏 스탠다드 원턱 팬츠,S,2,5500,CMT,디코드,베트남,SP1,1월3주,O,,"DGY-1, BLK(BLACK)",X,,155397000,979000000,,,,
박술홍,엄창용,JWPNS27103,춘절 남성 슬림핏 스탠다드 노턱 팬츠,S,2,8000,CMT,디코드,베트남,SP1,1월3주,O,,"CIN(CINDER), BLK(BLACK)",X,,210024000,1424000000,,,,
박술홍,엄창용,JWPNS27113,춘절 남성 레귤러핏 하이킹 팬츠,S,2,1800,완사입,TBO,베트남,SP1,1월3주,O,1월3주,"DGY-1, WBE",X,,70093800,356400000,MK,MK) GMZ84482,,TBO
박술홍,엄창용,JWSXS27135,춘절 남녀공용 우븐 하이킹 셔츠 (WIGO),S,2,1600,완사입,성원,베트남,SP1,1월3주,O,,"BLK(BLACK), KHA(KHAKI)",X,,77996800,352000000,프라미스 / 신한,프라미스) PM-1052,,성원
박술홍,엄창용,JWSXM27181,하절 남성 에어도트 긴팔 셔츠,M,2,1400,완사입,성원,베트남,SM2,3월2주,X,,"BLK(BLACK), BGY(B/GRAY)",X,,48518400,235200000,대웅,대웅) DWT-2982,,성원
박술홍,엄창용,JWSCM27183,하절 남성 에어도트 반팔 셔츠,M,2,3000,완사입,성원,베트남,SM2,3월4주,X,,"BLK(BLACK), KHA(KHAKI)",X,,97056000,444000000,대웅,대웅) DWT-2982,,성원
박술홍,엄창용,JWPNM27137,하절 남성 WIGO 디테쳐블 팬츠,M,2,1700,완사입,거림,베트남,SM1,2월4주,X,2월4주,"BLK(BLACK), KHA(KHAKI)",X,,105396600,493000000,신한,신한) SH-TP7204,,거림
박술홍,엄창용,JWPNM27141,하절 남성 소프트쉘 팬츠 (SET-UP),M,2,1616,완사입,YIC,베트남,SM2,3월2주,X,3월2주,"BLK(BLACK), BGY(B/GRAY)",X,,45248000,287648000,플레이트,플레이트) DI-001C,,YIC
박술홍,엄창용,JWPNM27151,하절 남성 원턱 레귤러핏 스탠다드 팬츠(ODM),M,2,11000,CMT,디코드,베트남,SM1,2월4주,O,2월4주,"BGY(B/GRAY), CIN(CINDER)",X,,319022000,1958000000,,,,
박술홍,엄창용,JWPNM27161,하절 남성 노턱 슬림핏 스탠다드 팬츠(ODM),M,3,14000,CMT,디코드,베트남,SM1,2월4주,O,2월4주,"DGY-2, BLK(BLACK), CIN(CINDER)",X,,395080000,2492000000,,,,
박술홍,엄창용,JWPNM27171,하절 남성 루즈핏 파라슈트 팬츠,M,2,1000,완사입,YIC,베트남,SM2,3월2주,O,3월2주,"WGY, DBU-2",X,O,35722000,188000000,신한,신한) SVR1544FD,,YIC
박술홍,엄창용,JWPNM27181,하절 남성 에어도트 루즈핏 파라슈트 팬츠,M,2,2000,완사입,YIC,베트남,SM2,3월2주,X,3월2주,"BLK(BLACK), KHA(KHAKI)",X,,73354000,376000000,L&S,L&S) DA4288SYWR,,YIC
박술홍,엄창용,JWPNM27191,하절 남성 커브드 팬츠 (DS 제안),M,2,1800,완사입,TBO,베트남,SM2,3월2주,X,3월2주,"DGY-2, KHA(KHAKI)",X,,66821400,338400000,밀리테크,밀리테크) MT-9560HD,,TBO
박술홍,엄창용,JWPNM27183,하절 에어도트 레귤러핏 팬츠,M,2,9012,완사입,TBO,베트남,SM2,3월2주,X,3월2주,"BLK(BLACK), WBE",X,,241458516,1604136000,대웅,대웅) DWT-2982,,TBO
박술홍,엄창용,JWPOM27141,하절 남성 소프트쉘 쇼츠 (SET UP),M,2,1660,완사입,YIC,베트남,SM2,4월1주,X,4월1주,"BLK(BLACK), BGY(B/GRAY)",X,,51792000,229080000,플레이트,플레이트) DI-001C,,YIC
박술홍,엄창용,JWPOM27191,하절 남성 카고 쇼츠 (DS 제안),M,2,1960,완사입,TBO,베트남,SM2,4월1주,X,4월1주,"BLK(BLACK), KHA(KHAKI)",X,,50985480,290080000,신한,신한) SVR1544FD,,TBO
박술홍,엄창용,JWPOM27181,하절 남성 에어도트 쇼츠 (SET-UP),M,2,2000,완사입,TBO,베트남,SM2,4월1주,X,4월1주,"BLK(BLACK), KHA(KHAKI)",X,,42762000,236000000,대웅,대웅) DWT-2982,,TBO
박술홍,엄창용,JWPNM27165,유통특화_하절 남성 우븐 트레이닝 팬츠(ODM),M,2,6500,완사입,기도,베트남,SM2,3월2주,X,3월2주,"DGY-2, BLK(BLACK)",X,,151599500,1027000000,,,,
박술홍,엄창용,JWPOM27161,유통특화_하절 남성 7부 솔리드 팬츠(ODM),M,2,3500,CMT,디코드,베트남,SM2,3월4주,O,3월4주,"DGY-2, CIN(CINDER)",X,,94500000,518000000,,,,
박술홍,엄창용,JWPOM27171,하절 남성 마운틴 카고 7부 팬츠,M,2,7000,완사입,YIC,베트남,SM2,3월4주,X,3월4주,"BLK(BLACK), GBR(G/BROWN)",X,,224476000,1106000000,프라미스,프라미스) PM-8574,,YIC
