MD,StyleCode,품명,시즌코드,수주미진행,성별,라인,K/M/D,테마,예상소매가,예상출고일(주차),출고차순,작지등록,진행구분,생산처,원단처,원산지,출처블록
정영준,TLVAM27501,하절 남성 방풍 베스트,M,수주 미진행,남성,EVERYDAY,M,,"158,000",,,,,,,,B
이재헌,JWTBM27121,남성 솔솔 MossDry 베이직 긴팔 집업 티셔츠,M,,남성,HIKING,K,Hiking M1,"118,000",2월4주,,,,,,,B
이재헌,JWTBM27125,남성 우븐 하프집업 티셔츠 (타공 디테일),M,,남성,HIKING,D,Hiking M1,"168,000",2월4주,,,,,,,A
이재헌,JWTBM27127,남성 솔솔 MossDry 베이직 긴팔 집업 티셔츠,M,,남성,HIKING,K,Hiking M1,"118,000",2월4주,,,,,,,A
김준래,TLSXM27521,,M,,,,,Structural Hybrid,,2월4주,2,,,,,,seq
이재헌,JWJJM27141,남성 소프트쉘 재킷 (SET UP),M,,남성,HIKING,D,Hiking M1,"270,000",3월1주,,,,,,,A
이재헌,JWJJM27171,남성 제노아 경량 인후드 방풍 재킷,M,수주 미진행,남성,HIKING,K,Hiking m1,"198,000",3월1주,,,,,,,A
정영준,TLJJM27501,하절 남성 경량 재킷,M,수주 미진행,남성,EVERYDAY,D,EV Summer 1,"220,000",3월1주,,,,,,,A
정영준,TLJJM27511,하절 남성 윈드포레스트 패커블 방풍 재킷,M,수주 미진행,남성,EVERYDAY,M,유통특화,"220,000",3월1주,,,,,,,A
박술홍,TLJJM27701,,M,,,,,Trail Running,,3월1주,1,,,,,,seq
박술홍,TLJJM27703,,M,,,,,Trail Running,,3월1주,2,,,,,,seq
정영준,TVPNM27502,하절 여성 베이직 크롭 세미 와이드 팬츠,M,수주 미진행,여성,EVERYDAY,K,EV Summer 1,"178,000",3월1주,,,,,,,A
정영준,TVPNM27522,하절 여성 카고조거 팬츠,M,수주 미진행,여성,EVERYDAY,M,EV Summer 1,"188,000",3월1주,,,,,,,A
정영준,TVPNM27532,하절 여성 와이드 팬츠,M,,여성,EVERYDAY,M,EV Summer 2,"198,000",3월1주,,,,,,,A
정영준,TVPNM27904,유통특화_하절 여성 쿨맥스 레귤러핏 데님 팬츠,M,수주 미진행,여성,EVERYDAY,D,유통특화,"178,000",3월1주,,,,,,,A
이재헌,JWJJM27151,남성 윈드케이 경량 방풍 재킷,M,,남성,HIKING,K,Hiking M1,"178,000",3월2주,,,,,,,A
이재헌,JWJJM27155,남성 고강력사 방풍 재킷,M,,남성,HIKING,M,Hiking M1,"290,000",3월2주,,,,,,,A
이재헌,JWTBM27165,남성 솔솔 MossDry 소매 하이브리드 긴팔 집업 티셔츠,M,수주 미진행,남성,HIKING,K,Hiking M1,"148,000",3월2주,,,,,,,B
이재헌,JWTBM27167,남성 솔솔 MossDry 소매 하이브리드 긴팔 집업 티셔츠,M,수주 미진행,남성,HIKING,K,Hiking M1,"148,000",3월2주,,,,,,,A
이재헌,JWTBM27181,남녀공용 솔솔 에어도트 하이브리드 긴팔 티셔츠,M,,남녀공용,HIKING,D,Hiking M1,"158,000",3월2주,,,,,,,A
이재헌,JWTCM27157,남성 솔솔 MossDry 베이직 반팔 집업 티셔츠,M,,남성,HIKING,K,Hiking M1,"108,000",3월2주,,,,,,,A
이재헌,JWTCM27159,남성 솔솔 MossDry 베이직 반팔 라운드 티셔츠,M,,남성,HIKING,K,Hiking M1,"68,000",3월2주,,,,,,,A
이재헌,JWTCM27161,남성 솔솔 MossDry 베이직 반팔 집업 티셔츠,M,,남성,HIKING,K,Hiking M1,"108,000",3월2주,,,,,,,B
이재헌,JWTCM27163,남성 솔솔 MossDry 베이직 반팔 라운드 티셔츠,M,,남성,HIKING,K,Hiking M1,"68,000",3월2주,,,,,,,B
이재헌,JWVAM27101,남성 에센셜 경량 베스트,M,,남성,HIKING,M,Hiking M1,"148,000",3월2주,,,,,,,A
정영준,TVPNM27542,하절 여성 시어서커 파라슈츠 팬츠 (SET-UP),M,,여성,EVERYDAY,M,EV Summer 2,"168,000",3월2주,,,,,,,A
정영준,TVPOM27502,하절 여성 시어서커 5부 (SET-UP),M,,여성,EVERYDAY,M,EV Summer 2,"108,000",3월2주,,,,,,,A
이재헌,JWTCM27151,남성 소로나 메쉬 반팔 집업 티셔츠,M,,남성,HIKING,M,Hiking M1,"118,000",3월3주,,,,,,,A
이재헌,JWJJM27165,남성 트레이닝 재킷 (SET UP),M,수주 미진행,남성,HIKING,K,유통특화,"168,000",3월4주,,,,,,,A
이재헌,JWJJM27181,남성 트레이닝 재킷 (SET UP),M,수주 미진행,남성,HIKING,K,유통특화,"168,000",3월4주,,,,,,,B
박지인,JWJJM27301,,M,,,,,Backpacking,,3월4주,2,,,,,,seq
이재헌,JWTCM27131,남녀공용 소로나 릴렉스핏 그래픽 티셔츠,M,,남녀공용,HIKING,K,Hiking M1,"88,000",3월4주,,,,,,,A
이재헌,JWTCM27133,남녀공용 에어론 릴렉스핏 그래픽 티셔츠,M,,남녀공용,HIKING,M,Hiking M1,"88,000",3월4주,,,,,,,A
이재헌,JWTCM27135,남녀공용 소로나 오버핏 그래픽 티셔츠,M,,남녀공용,HIKING,M,Hiking M1,"88,000",3월4주,,,,,,,A
,JWTCM27137,,M,,남성,HIKING,M,Hiking M1,,3월4주,,,,,,,A
이재헌,JWTCM27153,남성 메쉬 하이브리드 반팔 라운드 티셔츠,M,,남성,HIKING,M,Hiking M1,"98,000",3월4주,,,,,,,A
이재헌,JWTCM27183,남성 솔솔 에어도트 반팔 폴로 티셔츠,M,,남성,HIKING,K,Hiking M1,"128,000",3월4주,,,,,,,A
이재헌,JWTCM27185,남성 솔솔 에어도트 반팔 라운드 티셔츠,M,,남성,HIKING,M,Hiking M1,"128,000",3월4주,,,,,,,A
이재헌,JWTCM27187,남성 솔솔 에어도트 반집업 반팔 티셔츠,M,수주 미진행,남성,HIKING,K,Hiking M1,"138,000",3월4주,,,,,,,A
정영준,TVPNM27694,하절 여성 데이팩 루즈 팬츠,M,,여성,EVERYDAY,M,Daypack,"158,000",3월4주,,,,,,,A
정영준,TVPOM27512,하절 여성 버뮤다 팬츠,M,,여성,EVERYDAY,M,Daypack,"158,000",3월4주,,,,,,,A
정영준,TVPOM27692,하절 여성 데이팩 롱 베이직 스커트,M,,여성,EVERYDAY,M,Daypack,"148,000",3월4주,,,,,,,A
정영준,TVPOM27694,하절 여성 데이팩 롱 더블플랩 스커트 (립),M,,여성,EVERYDAY,M,Daypack,"158,000",3월4주,,,,,,,A
정영준,TVPOM27696,하절 여성 데이팩 쇼츠,M,,여성,EVERYDAY,K,Daypack,"88,000",3월4주,,,,,,,A
정영준,TVPOM27698,하절 여성 데이팩 카고 쇼츠,M,,여성,EVERYDAY,K,Daypack,"98,000",3월4주,,,,,,,B
정영준,TVSCM27692,하절 여성 데이팩 반팔 셔츠,M,,여성,EVERYDAY,M,Daypack,"148,000",3월4주,,,,,,,A
정영준,TVTCM27692,하절 여성 데이팩 반팔 티셔츠 (립),M,,여성,EVERYDAY,M,Daypack,"98,000",3월4주,,,,,,,A
정영준,TVTCM27694,하절 여성 데이팩 후드 티셔츠,M,,여성,EVERYDAY,K,Daypack,"98,000",3월4주,,,,,,,A
정영준,TVTCM27696,하절 여성 데이팩 베이직 원피스,M,,여성,EVERYDAY,M,Daypack,"158,000",3월4주,,,,,,,A
정영준,TVTCM27698,하절 여성 데이팩 원피스,M,,여성,EVERYDAY,K,Daypack,"168,000",3월4주,,,,,,,A
이재헌,JWTCM27191,남성 슬리브리스,M,수주 미진행,남성,HIKING,D,Hiking M1,"78,000",4월1주,,,,,,,A
최진민,JWJGS27001,,S,,,,,Mountaineering & Climbing,,1월2주,1,O,Main 진행,포마트,김난이,CHINA,seq
박진아,JKTBS27102,,S,,,,,Hiking S2,,1월3주,2,,,,,,seq
이재헌,JWJJS27131,남성 OCTA 인슐레이션 재킷,S,,남성,HIKING,M,Hiking S2,"290,000",1월3주,2,,,,,,A
이재헌,JWTBS27111,남성 하이브리드 긴팔 집업 티셔츠,S,,남성,HIKING,M,Hiking S2,"148,000",1월3주,,,,,,,A
이재헌,JWTBS27113,남성 ClearDry 긴팔 라운드 티셔츠,S,,남성,HIKING,M,Hiking S2,"128,000",1월3주,,,,,,,A
이재헌,JWTBS27115,남성 ClearDry 긴팔 집업 티셔츠,S,,남성,HIKING,M,Hiking S2,"138,000",1월3주,,,,,,,A
이재헌,JWVAS27131,남성 OCTA 인슐레이션 베스트,S,,남성,HIKING,D,Hiking S2,"220,000",1월3주,,,,,,,A
정영준,TLJJS27501,춘절 남성 패딩 헤링턴 재킷,S,,남성,EVERYDAY,M,Structural Hybrid,"320,000",1월3주,,,,,,,A
정영준,TLJJS27521,춘절 남성 3L 후드 방수 재킷,S,,남성,EVERYDAY,M,Structural Hybrid,"390,000",1월3주,1,,,,,,A
정영준,TLJJS27551,춘절 남성 키퍼 스탠드넥 재킷,S,수주 미진행,남성,EVERYDAY,M,유통특화,"270,000",1월3주,,,,,,,A
정영준,TVPNS27512,춘절 여성 베이직 커브드 팬츠,S,,여성,EVERYDAY,K,Structural Hybrid,"188,000",1월3주,,,,,,,A
정영준,TVPNS27522,춘절 여성 루즈 커브드 팬츠,S,,여성,EVERYDAY,D,Structural Hybrid,"188,000",1월3주,,,,,,,A
정영준,TVPNS27532,춘절 여성 부츠컷 팬츠,S,,여성,EVERYDAY,M,Structural Hybrid,"178,000",1월3주,,,,,,,A
정영준,TVPNS27542,춘절 여성 레귤러핏 팬츠,S,,여성,EVERYDAY,M,Structural Hybrid,"188,000",1월3주,,,,,,,A
이재헌,JWTBS27117,남성 퀵드라이 바라클라바 긴팔 후드 티셔츠,S,,남성,HIKING,D,Hiking S2,"168,000",1월4주,,,,,,,A
이재헌,JWTBS27119,남성 자가드 긴팔 집업 티셔츠,S,,남성,HIKING,M,Hiking S2,"158,000",1월4주,,,,,,,A
이재헌,JKJGS27102,여성 윈드체이서 고어텍스 후드 방수 재킷,S,,여성,HIKING,M,Hiking S2,"450,000",2월1주,,,,,,,A
이재헌,JKJGS27104,여성 고어텍스 후드 디테쳐블 방수 재킷,S,,여성,HIKING,K,Hiking S2,"390,000",2월1주,,,,,,,A
이재헌,JKJWS27106,여성 고어윈드스토퍼 후드 디테쳐블 재킷,S,,여성,HIKING,M,Hiking S2,"320,000",2월1주,,,,,,,A
이재헌,JWJGS27101,남성 윈드체이서 고어텍스 후드 방수 재킷,S,,남성,HIKING,D,Hiking S2,"450,000",2월1주,,,,,,,A
이재헌,JWJGS27103,남성 고어텍스 후드 디테쳐블 방수 재킷,S,,남성,HIKING,M,Hiking S2,"390,000",2월1주,,,,,,,A
이재헌,JWJJS27135,남성 WIGO 방풍 재킷 (SET UP),S,,남성,HIKING,M,Hiking S2,"320,000",2월1주,,,,,,,A
이재헌,JWJWS27105,남성 고어윈드스토퍼 인후드 재킷,S,,남성,HIKING,K,Hiking S2,"320,000",2월1주,,,,,,,A
정영준,TLJJS27503,춘절 남성 소프트쉘 헤링턴 재킷,S,,남성,EVERYDAY,M,Structural Hybrid,"320,000",2월1주,,,,,,,A
정영준,TLJJS27511,춘절 남성 소프트안감 드리즐러 재킷,S,,남성,EVERYDAY,M,Structural Hybrid,"320,000",2월1주,,,,,,,A
정영준,TLJJS27531,춘절 남성 소프트필 재킷 (SET-UP),S,수주 미진행,남성,EVERYDAY,D,Structural Hybrid,"178,000",2월1주,,,,,,,A
정영준,TLJJS27541,남성 KOMFORT 이지 재킷 (SET-UP),S,,남성,EVERYDAY,D,Structural Hybrid,"350,000",2월1주,,,,,,,A
정영준,TLJJS27561,춘절 남성 인후드 재킷,S,수주 미진행,남성,EVERYDAY,M,유통특화,"250,000",2월1주,,,,,,,A
문도혁,TVJJS27542,,S,,,,,Structural Hybrid,,2월1주,2,,,,,,seq
정영준,TVPNS27552,춘절 여성 소프트필 조거 팬츠 (SET-UP),S,수주 미진행,여성,EVERYDAY,D,Structural Hybrid,"158,000",2월1주,,,,,,,A
정영준,TVPNS27902,유통특화_사계절 여성 세미 부츠컷 데님 팬츠,S,수주 미진행,여성,EVERYDAY,D,유통특화,"158,000",2월1주,,,,,,,A
정영준,TVPOS27502,춘절 여성 롱 스커트 (SET-UP),S,,여성,EVERYDAY,D,Structural Hybrid,"168,000",2월1주,,,,,,,A
이재헌,JWJJS27107,남녀공용 우의,S,,남녀공용,HIKING,D,Hiking M1,"250,000",4월1주,,,,,,,B
이재헌,JWJJS27109,남녀공용 우의,S,,남녀공용,HIKING,D,Hiking M1,"250,000",4월1주,,,,,,,A
이재헌,JWTBS27101,남성 베이직 긴팔 집업 티셔츠,S,,남성,HIKING,M,Hiking M1,"118,000",4월1주,,,,,,,A
이재헌,JWTBS27103,남성 베이직 긴팔 라운드 티셔츠,S,,남성,HIKING,D,Hiking M1,"108,000",4월1주,,,,,,,A
이재헌,JWTBS27107,남성 베이직 긴팔 집업 티셔츠,S,,남성,HIKING,M,Hiking M1,"118,000",4월1주,,,,,,,B
이재헌,JWTBS27109,남성 베이직 긴팔 라운드 티셔츠,S,,남성,HIKING,D,Hiking M1,"108,000",4월1주,,,,,,,B
이재헌,JWVAS27109,남성 유틸리티 스탠드넥 베스트,S,,남성,HIKING,M,Hiking M1,"220,000",4월1주,,,,,,,A
이재헌,JWVAS27907,유통특화_남성 유틸리티 V넥 베스트,S,수주 미진행,남성,HIKING,K,Hiking M1,"198,000",4월1주,,,,,,,A
