품번,작지발행(일매),사양확정,LAB DIP CFM,labdip_serial,컬러수EDW,일매완료,사양완료,★사용법: J2와 AF3 셀에서 액세스 허용 클릭(최초1회),EDW_RAW(수정금지),,,,,,,,,,,,,,,,,,,,,,소재DB_RAW(수정금지),,,,,,,,,,,,,,,,,,,,,,,,,,,,,,,,,,,,,,,그리드경계(수정금지)
8UJGX27101,"=ARRAYFORMULA(IF($A$2:$A$425="""","""",IF($F$2:$F$425=0,"""",IF($G$2:$G$425=$F$2:$F$425,""O"",IF($G$2:$G$425>0,""부분"",""X"")))))","=ARRAYFORMULA(IF($A$2:$A$425="""","""",IF($F$2:$F$425=0,"""",IF($H$2:$H$425=$F$2:$F$425,""O"",IF($H$2:$H$425>0,""부분"",""X"")))))","=ARRAYFORMULA(IF(($A$2:$A$425="""")+($E$2:$E$425=0),"""",TEXT($E$2:$E$425,""yyyy-mm-dd"")))","=MAP($A$2:$A$425,LAMBDA(x,IF(x="""",,MAXIFS($BP$3:$BP$2000,$AL$3:$AL$2000,x,$AH$3:$AH$2000,""<>*drop*""))))","=MAP($A$2:$A$425,LAMBDA(x,IF(x="""",,COUNTIF($J$2:$J$1500,x))))","=MAP($A$2:$A$425,LAMBDA(x,IF(x="""",,COUNTIFS($J$2:$J$1500,x,$AA$2:$AA$1500,""?*""))))","=MAP($A$2:$A$425,LAMBDA(x,IF(x="""",,COUNTIFS($J$2:$J$1500,x,$AD$2:$AD$1500,""?*""))))",,"=IMPORTRANGE(""https://docs.google.com/spreadsheets/d/1iSDzZFUv3855k9Zh-tNZALH8z3gY7dTw9j8RlHpJETg"",""EDW_RAW!A2:U1500"")"
8UPNX27101,,,,,,,,,,,,,,,,,,,,,,,,,,,,,,,"=IMPORTRANGE(""https://docs.google.com/spreadsheets/d/1_LNPz9XGRmRAJ9Y4cqtFF8NtZTLSIld4vtzLJlOcka0"",""Merged Data!A3:AN2000"")"
8UJJX27102
8UJJX27101
8UPNX27102
8UJJS27105
8UPNS27105
8UJJS27101
8UPNS27102
8UTBS27101
8UTBM27111
8UJJM27101
8UTCM27111
8UPOM27101
8GPFM27101
8GJJS27101
8GPNS27101
8HJJS27102
8HPNS27102
8UTBS27102
8UJJS27102
8UTCM27101
8UPNM27101
8UTBM27101
8UPOM27102
8USCM27101
8GPOM27103
8HPOM27102
8HJJM27102
8UTCM27105
8HTCM27102
8UPOM27103
8NREX27101
8NREM27102
8NREX27103
8NRES27104
8NREM27105
8NRFS27101
8NRFS27102
8NRFS27103
8NBDX26301
8NBDX27101
8NLAS27101
8NHAS27101
8NHAM27102
8NAAM27101
8NAAX27101
8NHEM27101
8UTCM27115
8UTCM27113
8UTCM27117
8UTCM27119
8UTCM27121
QEREX27711
QEREX27721
QEBXX27711
QEBXX27701
QEBDX27731
QEBDX27733
QEAAX27741
QELAX27701
QEBXX27111
QEBXX27121
QEBXX27123
QEBXX27131
QEBXX27141
QEBXX27511
QEBXX27513
QEBDX27111
QEBDX27133
QEBDX27123
QEBDX27137
QEBDX27135
QEBDX27041
QEBDX27091
QEHFX27101
QEHFM27301
QEHFM27305
QEHFX27103
QEHFX27105
QEREX27101
QEREX27111
QERFX27101
QERFX27111
QEREM27151
QEREM27131
QEREM27311
QEREM27301
QEREX27401
QEREM27171
QERHM27902
QERFX27141
QERFM27151
QERFM27121
QERFM27501
QERFM27402
QERFM27401
QERFM27171
QEBDX27691
QEBXX27691
QEBDX27501
QEBXX27501
QEBDX27511
QEBDX27513
QELAX27111
QELAX27121
QELAX27141
QELAX27131
QELAX27501
QELAX27511
QELAX27521
QELAX27571
QELAX27531
QELAX27561
QELAX27541
QELAX27551
QEAAM27301
QEAAM27303
QEAKX27101
QEAKX27111
QEAKM27103
QEAAX27111
QEHEM27103
QEHEM27105
JKICX27902
JKIBX27902
JKICX27102
JKICX27112
JKICX27122
JWICX27101
JWICX27111
JWIBX27111
JWIBX27101
JWIBX27131
JWJJS27131
JWJJS27135
JWJGS27101
JWJGS27103
JWJWS27105
JKJGS27102
JKJGS27104
JKJWS27106
JWJJS27109
JWJJM27141
JWJJM27151
JWJJM27155
JWJJM27171
JWJJM27165
JWVAS27131
JWVAS27109
JWVAS27907
JWVAM27101
JWTBS27111
JWTBS27113
JWTBS27115
JWTBS27117
JWTBS27119
JWTBS27101
JWTBS27103
JWTBM27127
JWTBM27125
JWTCM27151
JWTCM27153
JWTCM27157
JWTCM27159
JWTBM27167
JWTBM27181
JWTCM27183
JWTCM27185
JWTCM27187
JWTCM27191
JWTCM27131
JWTCM27133
JWTCM27135
JWTCM27137
JWJJM27301
JWJJM27373
JWJJM27371
JWJJM27375
JWVAM27371
JWTBM27301
JWTBM27311
JWTCM27321
JWVAM27301
JWJJM27351
JWTBM27351
JWPNM27351
JKJJM27374
JKJJM27372
JKJJM27376
JKVAM27372
JKTBM27302
JKTBM27312
JKTCM27312
JKPOM27312
JKJJS27132
JKJJS27136
TVJJS27512
TVJJM27542
JKJJM27124
JKJJM27142
JKJJM27172
JKJJM27182
JKJJM27152
JKJJM27156
JKJJM27162
JKVAS27132
JKVAM27102
JWJGS27001
JWJJS27011
JWJJS27015
JWJJS27021
JWJJS27031
JWVAS27017
JWTBS27057
JWTCS27055
JWPNS27061
JWPNS27071
JKJGS27002
JKJJS27012
JKJJS27016
JKJJS27022
JKJJS27032
JKVAS27018
JKTBS27058
JKTCS27056
JKPNS27062
JKPNS27072
TLTCM27551
TLTCM27553
TLSCM27551
TVTCM27552
TVTCM27554
TLJJS27521
TLJJS27501
TLJJS27503
TLJJS27511
TLJJS27531
TLJJS27541
TLJJS27551
TLJJS27561
TLJJM27501
TLJJM27511
TVPNS27512
TVPNS27522
TVPNS27532
TVPNS27542
TVPNS27552
TVPOS27502
TVPNS27902
TVPNM27502
TVPNM27522
TVPNM27532
TVPNM27542
TVPOM27502
TVPOM27512
TVPNM27904
TVSCM27692
TVTCM27692
TVTCM27694
TVTCM27696
TVTCM27698
TVPNM27694
TVPOM27692
TVPOM27694
TVPOM27696
TVPOM27698
TVJJS27542
TVJJS27532
TVJJS27552
TVJJS27562
TVJJS27522
TVJJS27502
TVJJM27502
TVJJM27512
TVJJM27552
TVJJM27522
TVJJM27532
TVVAM27552
TVVAM27562
TLPNS27531
TLPNS27521
TLPNS27901
TLPNS27501
TLPNS27411
TLPNM27501
TLPNM27511
TLPNM27541
TLPOM27531
TLPOM27521
TLPOM27501
TLPNM27911
TLTCM27691
TLSCM27693
TLPNM27691
TLPOM27697
TLPOM27699
TLTCM27695
TLPNM27693
TLTCM27507
TVTCM27512
TLSXM27521
TLSXM27551
TLSCM27501
TLSCM27921
TLSCM27511
TLSXS27511
TLSXS27501
TLSXM27901
TLTCM27591
TLTBS27571
TLTCM27501
TLTCM27503
TLTCM27505
TLTCM27509
TLTCM27511
TLTCM27517
TLTCM27519
TLTCM27561
TLTCM27529
TLTBS27511
TLTBM27501
TLTCM27521
TLTCM27523
TVSXM27592
TVSXM27582
TVSCM27512
TVSXS27522
TVSXS27502
TVSXM27902
TVTBS27592
TVTBS27552
TVTCM27502
TVTCM27504
TVTCM27542
TVTCM27562
TVTCM27564
TVTCM27514
TVTCM27528
TVTCM27538
TVTCM27506
TVTCM27508
TVTBS27548
JKTBS27102
JKTBS27104
JKTBS27112
JKTBS27114
JKTBS27116
JKTBS27118
JKTBS27120
JKPNS27114
JKPNS27102
JKSCM27142
JKSXM27182
JKSCM27184
JKTBM27128
JKTBM27124
JKTBM27282
JKTBM27166
JKTBM27168
JKTCM27158
JKTCM27160
JKTCM27166
JKTCM27908
JKTBM27182
JKTCM27186
JKTCM27184
JKTCM27182
JKTCM27148
JWTCM27139
JWTCM27141
JWTCM27143
JWTCM27145
JWTCM27147
JWTCM27149
JWTCM27127
JKPNM27138
JKPNM27162
JKPNM27192
JKPNM27172
JKPNM27158
JKPNM27182
JKPNM27184
JKPOM27142
JKPOM27172
JKPOM27176
JKPOM27174
TLJJM27701
TLJJM27703
TLTCM27711
TLTCM27721
TLTCM27723
TLPOM27731
TLPOM27733
TLPOM27735
TVJJM27702
TVJJM27704
TVTCM27712
TVTCM27714
TVTCM27722
TVTCM27724
TVPOM27732
TVPOM27734
TVPOM27736
JWPNS27101
JWPNS27103
JWPNS27113
JWSXS27135
JWSXM27181
JWSCM27183
JWPNM27137
JWPNM27141
JWPNM27151
JWPNM27161
JWPNM27171
JWPNM27181
JWPNM27191
JWPNM27183
JWPOM27141
JWPOM27191
JWPOM27181
JWPNM27165
JWPOM27161
JWPOM27171

,
검증_품번수,=COUNTA($A$2:$A$425)
검증_작지O,"=COUNTIF($B$2:$B$425,""O"")"
검증_작지부분,"=COUNTIF($B$2:$B$425,""부분"")"
검증_작지X,"=COUNTIF($B$2:$B$425,""X"")"
검증_작지공란,"=COUNTIFS($A$2:$A$425,""?*"",$B$2:$B$425,"""")"
검증_사양O,"=COUNTIF($C$2:$C$425,""O"")"
검증_사양부분,"=COUNTIF($C$2:$C$425,""부분"")"
검증_사양X,"=COUNTIF($C$2:$C$425,""X"")"
검증_사양공란,"=COUNTIFS($A$2:$A$425,""?*"",$C$2:$C$425,"""")"
검증_LABDIP보유,"=COUNTIF($D$2:$D$425,""?*"")"
